{
  "CLIENTE": [
    {
      "IDENTIFICADOR_PK_CD_CLIENTE": "fc8398a1-5da9-5e0e-c7ee-6c94c6c32028",
      "IDENTIFICADOR_FK_CD_GRUPO": "9d1399f8-e1f5-9305-9643-1415e770c6dd",
      "IDENTIFICADOR_FK_CD_VENDEDOR": "e714ca19-63ea-a428-2e0e-b13d585e4c22",
      "IDENTIFICADOR_FK_CD_EXECUTIVO": "8420cdcf-d595-ef65-66e7-dff9f98764da",
      "CD_CLIENTE": 4066.0,
      "CD_GRUPO": "100",
      "CD_RAC": "00326",
      "CD_VENDEDOR": 36.0,
      "NR_CNPJ": "43461789/0001-90",
      "NM_CLIENTE": "QUIMICA AMPARO LTDA",
      "EN_ENDERECO": "AV WALDYR BEIRA 1000",
      "EN_BAIRRO": "FIGUEIRA",
      "EN_CIDADE": "AMPARO",
      "EN_ESTADO": "SP",
      "EN_CEP": "13904-906",
      "CD_REGIAO": "03",
      "CD_FILIAL": "F2",
      "CD_ABC": null,
      "CL_CLIENTE": null,
      "TX_TELEFONE": "01938088031",
      "TX_FAX": "",
      "DT_DESATIVACAO": "0001-01-01T00:00:00",
      "CD_EXECUTIVO": 0.0,
      "BPCS": "false",
      "QT_PERIODO": 72,
      "TX_EMAIL": "evandro.pereira@ype.ind.br.old"
    },
    {
      "IDENTIFICADOR_PK_CD_CLIENTE": "ba7a50f1-c89f-fa2f-7cc7-373c58f8a613",
      "IDENTIFICADOR_FK_CD_GRUPO": null,
      "IDENTIFICADOR_FK_CD_VENDEDOR": "066a298e-377a-3356-70de-d05f5a3bf3ec",
      "IDENTIFICADOR_FK_CD_EXECUTIVO": "8420cdcf-d595-ef65-66e7-dff9f98764da",
      "CD_CLIENTE": 5595.0,
      "CD_GRUPO": "",
      "CD_RAC": "00325",
      "CD_VENDEDOR": 25.0,
      "NR_CNPJ": "68418433/0001-03",
      "NM_CLIENTE": "TOTAL QUIMICA LTDA",
      "EN_ENDERECO": "ROD REGIS BITTENCOURT KM 275,5",
      "EN_BAIRRO": "JD.OLIVEIRAS",
      "EN_CIDADE": "EMBU DAS ARTES",
      "EN_ESTADO": "SP",
      "EN_CEP": "06818-300",
      "CD_REGIAO": "01",
      "CD_FILIAL": "B4",
      "CD_ABC": null,
      "CL_CLIENTE": null,
      "TX_TELEFONE": "01147851800",
      "TX_FAX": "",
      "DT_DESATIVACAO": "0001-01-01T00:00:00",
      "CD_EXECUTIVO": 0.0,
      "BPCS": "false",
      "QT_PERIODO": 48,
      "TX_EMAIL": "givanildo@sanol.com.br.old"
    },
    {
      "IDENTIFICADOR_PK_CD_CLIENTE": "8030f712-4ce0-d8e0-e95d-efb577ebc3f4",
      "IDENTIFICADOR_FK_CD_GRUPO": null,
      "IDENTIFICADOR_FK_CD_VENDEDOR": "8923b3aa-bc22-5ac2-6f60-6eb525ffdc56",
      "IDENTIFICADOR_FK_CD_EXECUTIVO": "8420cdcf-d595-ef65-66e7-dff9f98764da",
      "CD_CLIENTE": 8008.0,
      "CD_GRUPO": "",
      "CD_RAC": "00327",
      "CD_VENDEDOR": 14.0,
      "NR_CNPJ": "55116131/0002-01",
      "NM_CLIENTE": "INDUSTRIAS ANHEMBI LTDA",
      "EN_ENDERECO": "VIA PERIFERICA II, 566",
      "EN_BAIRRO": "CENTRO INDL",
      "EN_CIDADE": "SIMOES FILHO",
      "EN_ESTADO": "BA",
      "EN_CEP": "43700-000",
      "CD_REGIAO": "13",
      "CD_FILIAL": "C5",
      "CD_ABC": null,
      "CL_CLIENTE": null,
      "TX_TELEFONE": "00715949887",
      "TX_FAX": "",
      "DT_DESATIVACAO": "0001-01-01T00:00:00",
      "CD_EXECUTIVO": 0.0,
      "BPCS": "false",
      "QT_PERIODO": 24,
      "TX_EMAIL": "jadir.junior@anhembi.ind.br.old"
    },
    {
      "IDENTIFICADOR_PK_CD_CLIENTE": "b4f889b7-396e-937e-b70a-79f59d7424cb",
      "IDENTIFICADOR_FK_CD_GRUPO": "3842cac4-b9a0-8223-0dcc-509a6f75849b",
      "IDENTIFICADOR_FK_CD_VENDEDOR": "e714ca19-63ea-a428-2e0e-b13d585e4c22",
      "IDENTIFICADOR_FK_CD_EXECUTIVO": "7ec8cbec-5c4b-fee2-2830-8fd9f2a7baf3",
      "CD_CLIENTE": 16738.0,
      "CD_GRUPO": "1",
      "CD_RAC": "00326",
      "CD_VENDEDOR": 36.0,
      "NR_CNPJ": "1615814/0062-15",
      "NM_CLIENTE": "UNILEVER BRASIL INDUSTRIAL LTD",
      "EN_ENDERECO": "AV GESSY LEVER 99",
      "EN_BAIRRO": "CENTRO",
      "EN_CIDADE": "VALINHOS",
      "EN_ESTADO": "SP",
      "EN_CEP": "13272-000",
      "CD_REGIAO": "03",
      "CD_FILIAL": "F2",
      "CD_ABC": null,
      "CL_CLIENTE": null,
      "TX_TELEFONE": "001938699875",
      "TX_FAX": "",
      "DT_DESATIVACAO": "0001-01-01T00:00:00",
      "CD_EXECUTIVO": 3.0,
      "BPCS": "false",
      "QT_PERIODO": 24,
      "TX_EMAIL": "alexandre.facio@unilever.com.old"
    },
    {
      "IDENTIFICADOR_PK_CD_CLIENTE": "40f7e4e7-7af9-c338-13a9-abc2ec6ab85e",
      "IDENTIFICADOR_FK_CD_GRUPO": "9d1399f8-e1f5-9305-9643-1415e770c6dd",
      "IDENTIFICADOR_FK_CD_VENDEDOR": "e714ca19-63ea-a428-2e0e-b13d585e4c22",
      "IDENTIFICADOR_FK_CD_EXECUTIVO": "7f3bdae4-cebb-4523-d777-2b0674a318d5",
      "CD_CLIENTE": 22022.0,
      "CD_GRUPO": "100",
      "CD_RAC": "00326",
      "CD_VENDEDOR": 36.0,
      "NR_CNPJ": "43461789/0002-71",
      "NM_CLIENTE": "QUIMICA AMPARO LTDA",
      "EN_ENDERECO": "RUA DAS NACOES 2800",
      "EN_BAIRRO": "OLARIA",
      "EN_CIDADE": "SALTO",
      "EN_ESTADO": "SP",
      "EN_CEP": "13329-350",
      "CD_REGIAO": "03",
      "CD_FILIAL": "E7",
      "CD_ABC": null,
      "CL_CLIENTE": null,
      "TX_TELEFONE": "001146029100",
      "TX_FAX": "",
      "DT_DESATIVACAO": "0001-01-01T00:00:00",
      "CD_EXECUTIVO": 5.0,
      "BPCS": "false",
      "QT_PERIODO": 48,
      "TX_EMAIL": "marcelo.veroneze@ype.ind.br.old"
    },
    {
      "IDENTIFICADOR_PK_CD_CLIENTE": "677f4650-d47b-dc20-fdd3-f978a2a7171b",
      "IDENTIFICADOR_FK_CD_GRUPO": "e714ca19-63ea-a428-2e0e-b13d585e4c22",
      "IDENTIFICADOR_FK_CD_VENDEDOR": "066a298e-377a-3356-70de-d05f5a3bf3ec",
      "IDENTIFICADOR_FK_CD_EXECUTIVO": "79f67fa8-f3a2-1de7-9181-a67b7542122c",
      "CD_CLIENTE": 25058.0,
      "CD_GRUPO": "36",
      "CD_RAC": "00328",
      "CD_VENDEDOR": 25.0,
      "NR_CNPJ": "33306929/0007-98",
      "NM_CLIENTE": "PROCOSA PRODS BELEZA LTDA",
      "EN_ENDERECO": "AV MANOEL M DE ARAUJO 1350",
      "EN_BAIRRO": "VILA JAGUARA",
      "EN_CIDADE": "SAO PAULO",
      "EN_ESTADO": "SP",
      "EN_CEP": "05113-020",
      "CD_REGIAO": "01",
      "CD_FILIAL": "B8",
      "CD_ABC": null,
      "CL_CLIENTE": null,
      "TX_TELEFONE": "001136221089",
      "TX_FAX": "",
      "DT_DESATIVACAO": "0001-01-01T00:00:00",
      "CD_EXECUTIVO": 4.0,
      "BPCS": "false",
      "QT_PERIODO": 24,
      "TX_EMAIL": "carlos.goncalves2@loreal.com.old"
    },
    {
      "IDENTIFICADOR_PK_CD_CLIENTE": "07772e26-61a1-1c06-2b75-c75215c2c4a9",
      "IDENTIFICADOR_FK_CD_GRUPO": "f422496f-6855-1a16-8cdf-4ad2299f6d23",
      "IDENTIFICADOR_FK_CD_VENDEDOR": "e714ca19-63ea-a428-2e0e-b13d585e4c22",
      "IDENTIFICADOR_FK_CD_EXECUTIVO": "79f67fa8-f3a2-1de7-9181-a67b7542122c",
      "CD_CLIENTE": 32555.0,
      "CD_GRUPO": "18",
      "CD_RAC": "00228",
      "CD_VENDEDOR": 36.0,
      "NR_CNPJ": "61186888/0065-58",
      "NM_CLIENTE": "SPAL IND BRASILEIRA BEBIDAS SA",
      "EN_ENDERECO": "ROD D GABRIEL P B COUTO KM65,5",
      "EN_BAIRRO": "JARDIM TANNUS",
      "EN_CIDADE": "JUNDIAI",
      "EN_ESTADO": "SP",
      "EN_CEP": "13212-240",
      "CD_REGIAO": "03",
      "CD_FILIAL": "F2",
      "CD_ABC": null,
      "CL_CLIENTE": null,
      "TX_TELEFONE": "001145852909",
      "TX_FAX": "",
      "DT_DESATIVACAO": "0001-01-01T00:00:00",
      "CD_EXECUTIVO": 4.0,
      "BPCS": "false",
      "QT_PERIODO": 24,
      "TX_EMAIL": "marcio.dominicale@kof.com.mx.old"
    },
    {
      "IDENTIFICADOR_PK_CD_CLIENTE": "1e57e0c2-a350-275b-1908-8134251d0aa7",
      "IDENTIFICADOR_FK_CD_GRUPO": "d7d40ac2-e96f-5977-aa27-a0c99bff6710",
      "IDENTIFICADOR_FK_CD_VENDEDOR": "e714ca19-63ea-a428-2e0e-b13d585e4c22",
      "IDENTIFICADOR_FK_CD_EXECUTIVO": "7f3bdae4-cebb-4523-d777-2b0674a318d5",
      "CD_CLIENTE": 37392.0,
      "CD_GRUPO": "12",
      "CD_RAC": "00209",
      "CD_VENDEDOR": 36.0,
      "NR_CNPJ": "6042467/0001-80",
      "NM_CLIENTE": "BAGLEY DO BRASIL ALIM LTDA",
      "EN_ENDERECO": "R.HENRIQUE VEIGA,500 FDS P/RUA",
      "EN_BAIRRO": "F.SALVADOR PAGANI-STA.GENEBRA",
      "EN_CIDADE": "CAMPINAS",
      "EN_ESTADO": "SP",
      "EN_CEP": "13080-290",
      "CD_REGIAO": "03",
      "CD_FILIAL": "E1",
      "CD_ABC": null,
      "CL_CLIENTE": null,
      "TX_TELEFONE": "01937088874",
      "TX_FAX": "",
      "DT_DESATIVACAO": "0001-01-01T00:00:00",
      "CD_EXECUTIVO": 5.0,
      "BPCS": "false",
      "QT_PERIODO": 8,
      "TX_EMAIL": "amsantos@arcor.com.old"
    },
    {
      "IDENTIFICADOR_PK_CD_CLIENTE": "1dea9f32-60a1-748c-4b61-86b6d6ab003d",
      "IDENTIFICADOR_FK_CD_GRUPO": null,
      "IDENTIFICADOR_FK_CD_VENDEDOR": "e714ca19-63ea-a428-2e0e-b13d585e4c22",
      "IDENTIFICADOR_FK_CD_EXECUTIVO": "8420cdcf-d595-ef65-66e7-dff9f98764da",
      "CD_CLIENTE": 102937.0,
      "CD_GRUPO": "",
      "CD_RAC": "00211",
      "CD_VENDEDOR": 36.0,
      "NR_CNPJ": "3594123/0001-96",
      "NM_CLIENTE": "SANCHEZ CANO LTDA",
      "EN_ENDERECO": "AV JOSE BENASSI 1003",
      "EN_BAIRRO": "PARQUE INDUSTRIAL I",
      "EN_CIDADE": "JUNDIAI",
      "EN_ESTADO": "SP",
      "EN_CEP": "13214-970",
      "CD_REGIAO": "03",
      "CD_FILIAL": "F2",
      "CD_ABC": null,
      "CL_CLIENTE": null,
      "TX_TELEFONE": "001145896450",
      "TX_FAX": "",
      "DT_DESATIVACAO": "0001-01-01T00:00:00",
      "CD_EXECUTIVO": 0.0,
      "BPCS": "false",
      "QT_PERIODO": 24,
      "TX_EMAIL": "alessandro.roque@finiguloseimas.com.br.old"
    },
    {
      "IDENTIFICADOR_PK_CD_CLIENTE": "d4ed49f2-9373-383d-3094-e25221b7bf76",
      "IDENTIFICADOR_FK_CD_GRUPO": null,
      "IDENTIFICADOR_FK_CD_VENDEDOR": "066a298e-377a-3356-70de-d05f5a3bf3ec",
      "IDENTIFICADOR_FK_CD_EXECUTIVO": "8420cdcf-d595-ef65-66e7-dff9f98764da",
      "CD_CLIENTE": 112549.0,
      "CD_GRUPO": "",
      "CD_RAC": "00210",
      "CD_VENDEDOR": 25.0,
      "NR_CNPJ": "88304001/0002-51",
      "NM_CLIENTE": "HARALD IND COM ALIMENTOS LTDA",
      "EN_ENDERECO": "ESTR ANA PROCOPIO MORAES 745",
      "EN_BAIRRO": "VARZEA DO SOUZA",
      "EN_CIDADE": "SANTANA DE PARNAIBA",
      "EN_ESTADO": "SP",
      "EN_CEP": "06528-551",
      "CD_REGIAO": "03",
      "CD_FILIAL": "F2",
      "CD_ABC": null,
      "CL_CLIENTE": null,
      "TX_TELEFONE": "001141569000",
      "TX_FAX": "",
      "DT_DESATIVACAO": "0001-01-01T00:00:00",
      "CD_EXECUTIVO": 0.0,
      "BPCS": "false",
      "QT_PERIODO": 24,
      "TX_EMAIL": " marcio.feitosa@harald.com.br.old"
    },
    {
      "IDENTIFICADOR_PK_CD_CLIENTE": "0944be55-e00b-740e-c691-eecde19bd9a0",
      "IDENTIFICADOR_FK_CD_GRUPO": null,
      "IDENTIFICADOR_FK_CD_VENDEDOR": "e714ca19-63ea-a428-2e0e-b13d585e4c22",
      "IDENTIFICADOR_FK_CD_EXECUTIVO": "7f3bdae4-cebb-4523-d777-2b0674a318d5",
      "CD_CLIENTE": 202234.0,
      "CD_GRUPO": "",
      "CD_RAC": "00730",
      "CD_VENDEDOR": 36.0,
      "NR_CNPJ": "59546515/0004-87",
      "NM_CLIENTE": "NIKE DO BRASIL COM.PART.LTDA",
      "EN_ENDERECO": "ESTR CRUZ GRANDE 1700 SETOR 1",
      "EN_BAIRRO": "STO ANTONIO",
      "EN_CIDADE": "LOUVEIRA",
      "EN_ESTADO": "SP",
      "EN_CEP": "13290-000",
      "CD_REGIAO": "03",
      "CD_FILIAL": "F2",
      "CD_ABC": null,
      "CL_CLIENTE": null,
      "TX_TELEFONE": "001938484678",
      "TX_FAX": "",
      "DT_DESATIVACAO": "0001-01-01T00:00:00",
      "CD_EXECUTIVO": 5.0,
      "BPCS": "false",
      "QT_PERIODO": 12,
      "TX_EMAIL": "caio.guzzo@dhl.com.old"
    },
    {
      "IDENTIFICADOR_PK_CD_CLIENTE": "cfc8ec9a-357d-6991-8c33-693ba8a60b65",
      "IDENTIFICADOR_FK_CD_GRUPO": null,
      "IDENTIFICADOR_FK_CD_VENDEDOR": "e714ca19-63ea-a428-2e0e-b13d585e4c22",
      "IDENTIFICADOR_FK_CD_EXECUTIVO": "8420cdcf-d595-ef65-66e7-dff9f98764da",
      "CD_CLIENTE": 217299.0,
      "CD_GRUPO": "",
      "CD_RAC": "00290",
      "CD_VENDEDOR": 36.0,
      "NR_CNPJ": "1358874/0016-64",
      "NM_CLIENTE": "PROCTER E GAMBLE COMERCIAL LTD",
      "EN_ENDERECO": "R FRANCISCO P DUTRA, 2405 GLB",
      "EN_BAIRRO": "ESTIVA",
      "EN_CIDADE": "LOUVEIRA",
      "EN_ESTADO": "SP",
      "EN_CEP": "13290-000",
      "CD_REGIAO": "03",
      "CD_FILIAL": "F2",
      "CD_ABC": null,
      "CL_CLIENTE": null,
      "TX_TELEFONE": "001938788000",
      "TX_FAX": "",
      "DT_DESATIVACAO": "0001-01-01T00:00:00",
      "CD_EXECUTIVO": 0.0,
      "BPCS": "false",
      "QT_PERIODO": 48,
      "TX_EMAIL": "oliveira.e.14@pg.com.old"
    }
  ],
  "TECNICO_CLIENTE": [
    {
      "UNIQUE_CD_CLIENTE_CD_TECNICO": "-",
      "IDENTIFICADOR_PK_CD_CLIENTE": null,
      "IDENTIFICADOR_PK_CD_TECNICO": null,
      "IDENTIFICADOR_FK_CD_CLIENTE": "fc8398a1-5da9-5e0e-c7ee-6c94c6c32028",
      "IDENTIFICADOR_FK_CD_TECNICO": "91cabbb9-c7a1-5f4f-5185-48bb543caf54",
      "CD_CLIENTE": 4066.0,
      "CD_TECNICO": "347803",
      "CD_ORDEM": 1
    },
    {
      "UNIQUE_CD_CLIENTE_CD_TECNICO": "-",
      "IDENTIFICADOR_PK_CD_CLIENTE": null,
      "IDENTIFICADOR_PK_CD_TECNICO": null,
      "IDENTIFICADOR_FK_CD_CLIENTE": "ba7a50f1-c89f-fa2f-7cc7-373c58f8a613",
      "IDENTIFICADOR_FK_CD_TECNICO": "91cabbb9-c7a1-5f4f-5185-48bb543caf54",
      "CD_CLIENTE": 5595.0,
      "CD_TECNICO": "347803",
      "CD_ORDEM": 3
    },
    {
      "UNIQUE_CD_CLIENTE_CD_TECNICO": "-",
      "IDENTIFICADOR_PK_CD_CLIENTE": null,
      "IDENTIFICADOR_PK_CD_TECNICO": null,
      "IDENTIFICADOR_FK_CD_CLIENTE": "8030f712-4ce0-d8e0-e95d-efb577ebc3f4",
      "IDENTIFICADOR_FK_CD_TECNICO": "91cabbb9-c7a1-5f4f-5185-48bb543caf54",
      "CD_CLIENTE": 8008.0,
      "CD_TECNICO": "347803",
      "CD_ORDEM": 3
    },
    {
      "UNIQUE_CD_CLIENTE_CD_TECNICO": "-",
      "IDENTIFICADOR_PK_CD_CLIENTE": null,
      "IDENTIFICADOR_PK_CD_TECNICO": null,
      "IDENTIFICADOR_FK_CD_CLIENTE": "b4f889b7-396e-937e-b70a-79f59d7424cb",
      "IDENTIFICADOR_FK_CD_TECNICO": "91cabbb9-c7a1-5f4f-5185-48bb543caf54",
      "CD_CLIENTE": 16738.0,
      "CD_TECNICO": "347803",
      "CD_ORDEM": 3
    },
    {
      "UNIQUE_CD_CLIENTE_CD_TECNICO": "-",
      "IDENTIFICADOR_PK_CD_CLIENTE": null,
      "IDENTIFICADOR_PK_CD_TECNICO": null,
      "IDENTIFICADOR_FK_CD_CLIENTE": "40f7e4e7-7af9-c338-13a9-abc2ec6ab85e",
      "IDENTIFICADOR_FK_CD_TECNICO": "91cabbb9-c7a1-5f4f-5185-48bb543caf54",
      "CD_CLIENTE": 22022.0,
      "CD_TECNICO": "347803",
      "CD_ORDEM": 1
    },
    {
      "UNIQUE_CD_CLIENTE_CD_TECNICO": "-",
      "IDENTIFICADOR_PK_CD_CLIENTE": null,
      "IDENTIFICADOR_PK_CD_TECNICO": null,
      "IDENTIFICADOR_FK_CD_CLIENTE": "677f4650-d47b-dc20-fdd3-f978a2a7171b",
      "IDENTIFICADOR_FK_CD_TECNICO": "91cabbb9-c7a1-5f4f-5185-48bb543caf54",
      "CD_CLIENTE": 25058.0,
      "CD_TECNICO": "347803",
      "CD_ORDEM": 3
    },
    {
      "UNIQUE_CD_CLIENTE_CD_TECNICO": "-",
      "IDENTIFICADOR_PK_CD_CLIENTE": null,
      "IDENTIFICADOR_PK_CD_TECNICO": null,
      "IDENTIFICADOR_FK_CD_CLIENTE": "07772e26-61a1-1c06-2b75-c75215c2c4a9",
      "IDENTIFICADOR_FK_CD_TECNICO": "91cabbb9-c7a1-5f4f-5185-48bb543caf54",
      "CD_CLIENTE": 32555.0,
      "CD_TECNICO": "347803",
      "CD_ORDEM": 3
    },
    {
      "UNIQUE_CD_CLIENTE_CD_TECNICO": "-",
      "IDENTIFICADOR_PK_CD_CLIENTE": null,
      "IDENTIFICADOR_PK_CD_TECNICO": null,
      "IDENTIFICADOR_FK_CD_CLIENTE": "1e57e0c2-a350-275b-1908-8134251d0aa7",
      "IDENTIFICADOR_FK_CD_TECNICO": "91cabbb9-c7a1-5f4f-5185-48bb543caf54",
      "CD_CLIENTE": 37392.0,
      "CD_TECNICO": "347803",
      "CD_ORDEM": 2
    },
    {
      "UNIQUE_CD_CLIENTE_CD_TECNICO": "-",
      "IDENTIFICADOR_PK_CD_CLIENTE": null,
      "IDENTIFICADOR_PK_CD_TECNICO": null,
      "IDENTIFICADOR_FK_CD_CLIENTE": "1dea9f32-60a1-748c-4b61-86b6d6ab003d",
      "IDENTIFICADOR_FK_CD_TECNICO": "91cabbb9-c7a1-5f4f-5185-48bb543caf54",
      "CD_CLIENTE": 102937.0,
      "CD_TECNICO": "347803",
      "CD_ORDEM": 3
    },
    {
      "UNIQUE_CD_CLIENTE_CD_TECNICO": "-",
      "IDENTIFICADOR_PK_CD_CLIENTE": null,
      "IDENTIFICADOR_PK_CD_TECNICO": null,
      "IDENTIFICADOR_FK_CD_CLIENTE": "d4ed49f2-9373-383d-3094-e25221b7bf76",
      "IDENTIFICADOR_FK_CD_TECNICO": "91cabbb9-c7a1-5f4f-5185-48bb543caf54",
      "CD_CLIENTE": 112549.0,
      "CD_TECNICO": "347803",
      "CD_ORDEM": 3
    },
    {
      "UNIQUE_CD_CLIENTE_CD_TECNICO": "-",
      "IDENTIFICADOR_PK_CD_CLIENTE": null,
      "IDENTIFICADOR_PK_CD_TECNICO": null,
      "IDENTIFICADOR_FK_CD_CLIENTE": "0944be55-e00b-740e-c691-eecde19bd9a0",
      "IDENTIFICADOR_FK_CD_TECNICO": "91cabbb9-c7a1-5f4f-5185-48bb543caf54",
      "CD_CLIENTE": 202234.0,
      "CD_TECNICO": "347803",
      "CD_ORDEM": 2
    },
    {
      "UNIQUE_CD_CLIENTE_CD_TECNICO": "-",
      "IDENTIFICADOR_PK_CD_CLIENTE": null,
      "IDENTIFICADOR_PK_CD_TECNICO": null,
      "IDENTIFICADOR_FK_CD_CLIENTE": "cfc8ec9a-357d-6991-8c33-693ba8a60b65",
      "IDENTIFICADOR_FK_CD_TECNICO": "91cabbb9-c7a1-5f4f-5185-48bb543caf54",
      "CD_CLIENTE": 217299.0,
      "CD_TECNICO": "347803",
      "CD_ORDEM": 2
    }
  ],
  "PEDIDO": [
    {
      "IDENTIFICADOR_PK_ID_PEDIDO": "e0fbbb59-92d3-cd2c-1d16-7661a26d8353",
      "IDENTIFICADOR_FK_CD_TECNICO": "91cabbb9-c7a1-5f4f-5185-48bb543caf54",
      "IDENTIFICADOR_FK_ID_STATUS_PEDIDO": "8420cdcf-d595-ef65-66e7-dff9f98764da",
      "IDENTIFICADOR_FK_CD_CLIENTE": "fc8398a1-5da9-5e0e-c7ee-6c94c6c32028",
      "ID_PEDIDO": 12546.0,
      "CD_TECNICO": "347803",
      "NR_DOCUMENTO": 12546.0,
      "DT_CRIACAO": "2019-08-08T09:39:52.393",
      "DT_ENVIO": "2019-08-08T09:59:45.747",
      "DT_RECEBIMENTO": "1001-01-01T00:00:00",
      "TX_OBS": "",
      "pendente": "",
      "NR_DOC_ORI": 0.0,
      "ID_STATUS_PEDIDO": 0,
      "TP_TIPO_PEDIDO": "C",
      "CD_CLIENTE": 4066.0,
      "DS_OBSERVACAO": null
    },
    {
      "IDENTIFICADOR_PK_ID_PEDIDO": "ad7989fd-fda2-ab5b-05e9-c5f035a5c4c7",
      "IDENTIFICADOR_FK_CD_TECNICO": "91cabbb9-c7a1-5f4f-5185-48bb543caf54",
      "IDENTIFICADOR_FK_ID_STATUS_PEDIDO": "8420cdcf-d595-ef65-66e7-dff9f98764da",
      "IDENTIFICADOR_FK_CD_CLIENTE": "8420cdcf-d595-ef65-66e7-dff9f98764da",
      "ID_PEDIDO": 12602.0,
      "CD_TECNICO": "347803",
      "NR_DOCUMENTO": 12602.0,
      "DT_CRIACAO": "2019-12-13T12:27:04.973",
      "DT_ENVIO": "2019-12-13T12:27:05.533",
      "DT_RECEBIMENTO": "1001-01-01T00:00:00",
      "TX_OBS": "",
      "pendente": "",
      "NR_DOC_ORI": 0.0,
      "ID_STATUS_PEDIDO": 0,
      "TP_TIPO_PEDIDO": "T",
      "CD_CLIENTE": 0.0,
      "DS_OBSERVACAO": null
    },
    {
      "IDENTIFICADOR_PK_ID_PEDIDO": "76fc0207-f0ff-da62-3472-e2794b6b6285",
      "IDENTIFICADOR_FK_CD_TECNICO": "91cabbb9-c7a1-5f4f-5185-48bb543caf54",
      "IDENTIFICADOR_FK_ID_STATUS_PEDIDO": "8420cdcf-d595-ef65-66e7-dff9f98764da",
      "IDENTIFICADOR_FK_CD_CLIENTE": "8420cdcf-d595-ef65-66e7-dff9f98764da",
      "ID_PEDIDO": 12646.0,
      "CD_TECNICO": "347803",
      "NR_DOCUMENTO": 12646.0,
      "DT_CRIACAO": "2019-12-18T09:16:16.827",
      "DT_ENVIO": "2019-12-18T09:16:26.473",
      "DT_RECEBIMENTO": "1001-01-01T00:00:00",
      "TX_OBS": "",
      "pendente": "",
      "NR_DOC_ORI": 0.0,
      "ID_STATUS_PEDIDO": 0,
      "TP_TIPO_PEDIDO": "T",
      "CD_CLIENTE": 0.0,
      "DS_OBSERVACAO": null
    },
    {
      "IDENTIFICADOR_PK_ID_PEDIDO": "14e952a6-36c7-afdf-8a66-67ae6936f0d6",
      "IDENTIFICADOR_FK_CD_TECNICO": "91cabbb9-c7a1-5f4f-5185-48bb543caf54",
      "IDENTIFICADOR_FK_ID_STATUS_PEDIDO": "8420cdcf-d595-ef65-66e7-dff9f98764da",
      "IDENTIFICADOR_FK_CD_CLIENTE": "8420cdcf-d595-ef65-66e7-dff9f98764da",
      "ID_PEDIDO": 12688.0,
      "CD_TECNICO": "347803",
      "NR_DOCUMENTO": 12688.0,
      "DT_CRIACAO": "2019-12-19T11:29:06.317",
      "DT_ENVIO": "2019-12-19T11:29:06.9",
      "DT_RECEBIMENTO": "1001-01-01T00:00:00",
      "TX_OBS": "",
      "pendente": "",
      "NR_DOC_ORI": 0.0,
      "ID_STATUS_PEDIDO": 0,
      "TP_TIPO_PEDIDO": "T",
      "CD_CLIENTE": 0.0,
      "DS_OBSERVACAO": null
    },
    {
      "IDENTIFICADOR_PK_ID_PEDIDO": "69a13012-d06b-c44b-a1c1-e70bce477b46",
      "IDENTIFICADOR_FK_CD_TECNICO": "91cabbb9-c7a1-5f4f-5185-48bb543caf54",
      "IDENTIFICADOR_FK_ID_STATUS_PEDIDO": "8420cdcf-d595-ef65-66e7-dff9f98764da",
      "IDENTIFICADOR_FK_CD_CLIENTE": "8420cdcf-d595-ef65-66e7-dff9f98764da",
      "ID_PEDIDO": 12727.0,
      "CD_TECNICO": "347803",
      "NR_DOCUMENTO": 12727.0,
      "DT_CRIACAO": "2019-12-19T13:29:07.737",
      "DT_ENVIO": "2019-12-19T13:29:08.34",
      "DT_RECEBIMENTO": "1001-01-01T00:00:00",
      "TX_OBS": "",
      "pendente": "",
      "NR_DOC_ORI": 0.0,
      "ID_STATUS_PEDIDO": 0,
      "TP_TIPO_PEDIDO": "T",
      "CD_CLIENTE": 0.0,
      "DS_OBSERVACAO": null
    }
  ],
  "PEDIDO_PECA": [],
  "ESTOQUE_PECA": [
    {
      "IDENTIFICADOR_PK_ID_ESTOQUE_PECA": "ed3adb38-0c92-2af8-b059-bfccbd02be6a",
      "ID_ESTOQUE_PECA": 246,
      "CD_PECA": "H0001627811",
      "QT_PECA_ATUAL": "8.0",
      "QT_PECA_MIN": "0.0",
      "DT_ULT_MOVIM": "2019-04-26T10:14:27.147",
      "ID_ESTOQUE": 6
    },
    {
      "IDENTIFICADOR_PK_ID_ESTOQUE_PECA": "40d2247f-1d52-0799-1c93-af3917215ef7",
      "ID_ESTOQUE_PECA": 551,
      "CD_PECA": "H0002026443",
      "QT_PECA_ATUAL": "42.0",
      "QT_PECA_MIN": "0.0",
      "DT_ULT_MOVIM": "2019-07-30T22:58:07.68",
      "ID_ESTOQUE": 6
    },
    {
      "IDENTIFICADOR_PK_ID_ESTOQUE_PECA": "12a66ed8-c9de-9660-c5e0-fcc8dd42ab6d",
      "ID_ESTOQUE_PECA": 603,
      "CD_PECA": "H0002130070",
      "QT_PECA_ATUAL": "5.0",
      "QT_PECA_MIN": "0.0",
      "DT_ULT_MOVIM": "2019-07-30T22:56:08.373",
      "ID_ESTOQUE": 6
    },
    {
      "IDENTIFICADOR_PK_ID_ESTOQUE_PECA": "d4bb106a-e480-57c5-3d8f-3af73ae0454b",
      "ID_ESTOQUE_PECA": 635,
      "CD_PECA": "H0002131177",
      "QT_PECA_ATUAL": "11.0",
      "QT_PECA_MIN": "0.0",
      "DT_ULT_MOVIM": "2019-07-30T22:21:04.003",
      "ID_ESTOQUE": 6
    },
    {
      "IDENTIFICADOR_PK_ID_ESTOQUE_PECA": "fdb6a3ab-185d-286d-e06f-f97135cade7f",
      "ID_ESTOQUE_PECA": 721,
      "CD_PECA": "H0002229518",
      "QT_PECA_ATUAL": "13.0",
      "QT_PECA_MIN": "0.0",
      "DT_ULT_MOVIM": "2019-07-30T22:58:21.43",
      "ID_ESTOQUE": 6
    },
    {
      "IDENTIFICADOR_PK_ID_ESTOQUE_PECA": "4f7a0e47-7a01-7654-afb7-eeb3f8b96f9b",
      "ID_ESTOQUE_PECA": 757,
      "CD_PECA": "H0002231100",
      "QT_PECA_ATUAL": "2.0",
      "QT_PECA_MIN": "0.0",
      "DT_ULT_MOVIM": "2019-04-26T10:14:27.257",
      "ID_ESTOQUE": 6
    },
    {
      "IDENTIFICADOR_PK_ID_ESTOQUE_PECA": "773b4eef-935c-ad4d-a217-712d76f3d51f",
      "ID_ESTOQUE_PECA": 955,
      "CD_PECA": "HB004007280",
      "QT_PECA_ATUAL": "45.0",
      "QT_PECA_MIN": "0.0",
      "DT_ULT_MOVIM": "2019-07-30T23:10:32.063",
      "ID_ESTOQUE": 6
    },
    {
      "IDENTIFICADOR_PK_ID_ESTOQUE_PECA": "1b883e88-d2b4-7a2a-dd95-8f2d6b052c9f",
      "ID_ESTOQUE_PECA": 1027,
      "CD_PECA": "HB004043301",
      "QT_PECA_ATUAL": "2.0",
      "QT_PECA_MIN": "0.0",
      "DT_ULT_MOVIM": "2019-04-26T10:14:27.85",
      "ID_ESTOQUE": 6
    },
    {
      "IDENTIFICADOR_PK_ID_ESTOQUE_PECA": "7d6a57db-5324-5f57-29ea-b4bac787b919",
      "ID_ESTOQUE_PECA": 1054,
      "CD_PECA": "HB004078661",
      "QT_PECA_ATUAL": "4.0",
      "QT_PECA_MIN": "0.0",
      "DT_ULT_MOVIM": "2019-05-22T12:38:23.837",
      "ID_ESTOQUE": 6
    },
    {
      "IDENTIFICADOR_PK_ID_ESTOQUE_PECA": "b8e88801-14b0-9e82-2fa0-f430f0a95961",
      "ID_ESTOQUE_PECA": 1195,
      "CD_PECA": "HB004140040",
      "QT_PECA_ATUAL": "8.0",
      "QT_PECA_MIN": "0.0",
      "DT_ULT_MOVIM": "2019-05-27T10:25:36.46",
      "ID_ESTOQUE": 6
    },
    {
      "IDENTIFICADOR_PK_ID_ESTOQUE_PECA": "3b97e439-32a3-801b-f37d-9b55f63ed8b8",
      "ID_ESTOQUE_PECA": 1248,
      "CD_PECA": "HB004159768",
      "QT_PECA_ATUAL": "1.0",
      "QT_PECA_MIN": "0.0",
      "DT_ULT_MOVIM": "2019-04-26T10:14:28.833",
      "ID_ESTOQUE": 6
    },
    {
      "IDENTIFICADOR_PK_ID_ESTOQUE_PECA": "f159f977-f419-23fb-21e9-ce801e2f5163",
      "ID_ESTOQUE_PECA": 1502,
      "CD_PECA": "HB004187280",
      "QT_PECA_ATUAL": "5.0",
      "QT_PECA_MIN": "0.0",
      "DT_ULT_MOVIM": "2019-04-26T10:14:29.333",
      "ID_ESTOQUE": 6
    },
    {
      "IDENTIFICADOR_PK_ID_ESTOQUE_PECA": "2af6203a-f10a-15aa-2670-bab3c602feed",
      "ID_ESTOQUE_PECA": 1560,
      "CD_PECA": "hb004209738",
      "QT_PECA_ATUAL": "5.0",
      "QT_PECA_MIN": "0.0",
      "DT_ULT_MOVIM": "2019-04-26T10:14:29.443",
      "ID_ESTOQUE": 6
    },
    {
      "IDENTIFICADOR_PK_ID_ESTOQUE_PECA": "3682269d-397c-de35-fcb1-f9e247a97c0d",
      "ID_ESTOQUE_PECA": 1654,
      "CD_PECA": "HB004298228",
      "QT_PECA_ATUAL": "2.0",
      "QT_PECA_MIN": "0.0",
      "DT_ULT_MOVIM": "2019-07-30T21:56:23.267",
      "ID_ESTOQUE": 6
    },
    {
      "IDENTIFICADOR_PK_ID_ESTOQUE_PECA": "808fb88b-34d3-86b1-9781-beb89f7b73be",
      "ID_ESTOQUE_PECA": 1706,
      "CD_PECA": "HB004321160",
      "QT_PECA_ATUAL": "4.0",
      "QT_PECA_MIN": "0.0",
      "DT_ULT_MOVIM": "2019-07-30T22:43:37.19",
      "ID_ESTOQUE": 6
    },
    {
      "IDENTIFICADOR_PK_ID_ESTOQUE_PECA": "8b824d46-b085-d9be-8e80-ade0a5c43b0f",
      "ID_ESTOQUE_PECA": 1713,
      "CD_PECA": "HB004321186",
      "QT_PECA_ATUAL": "3.0",
      "QT_PECA_MIN": "0.0",
      "DT_ULT_MOVIM": "2019-05-22T12:38:23.87",
      "ID_ESTOQUE": 6
    },
    {
      "IDENTIFICADOR_PK_ID_ESTOQUE_PECA": "f962db9f-ad32-5af5-f2c0-e09e55861964",
      "ID_ESTOQUE_PECA": 1900,
      "CD_PECA": "hb004502132",
      "QT_PECA_ATUAL": "2.0",
      "QT_PECA_MIN": "0.0",
      "DT_ULT_MOVIM": "2019-04-26T10:14:30.07",
      "ID_ESTOQUE": 6
    },
    {
      "IDENTIFICADOR_PK_ID_ESTOQUE_PECA": "a6994ed5-37c0-e904-5e69-65532dec148b",
      "ID_ESTOQUE_PECA": 1901,
      "CD_PECA": "hb004502140",
      "QT_PECA_ATUAL": "2.0",
      "QT_PECA_MIN": "0.0",
      "DT_ULT_MOVIM": "2019-04-26T10:14:30.07",
      "ID_ESTOQUE": 6
    },
    {
      "IDENTIFICADOR_PK_ID_ESTOQUE_PECA": "b476584a-b450-7153-f6cf-e5047ac8cd45",
      "ID_ESTOQUE_PECA": 2775,
      "CD_PECA": "H0001468927",
      "QT_PECA_ATUAL": "36.0",
      "QT_PECA_MIN": "0.0",
      "DT_ULT_MOVIM": "2019-05-27T10:25:36.433",
      "ID_ESTOQUE": 6
    },
    {
      "IDENTIFICADOR_PK_ID_ESTOQUE_PECA": "bab24462-7c95-bc48-6458-2cf2bcec3d04",
      "ID_ESTOQUE_PECA": 2776,
      "CD_PECA": "H0002215400",
      "QT_PECA_ATUAL": "55.0",
      "QT_PECA_MIN": "0.0",
      "DT_ULT_MOVIM": "2019-07-30T20:55:04.853",
      "ID_ESTOQUE": 6
    },
    {
      "IDENTIFICADOR_PK_ID_ESTOQUE_PECA": "cf21a7b4-2fb6-195d-ec61-575114d8a2d1",
      "ID_ESTOQUE_PECA": 2777,
      "CD_PECA": "H0002215426",
      "QT_PECA_ATUAL": "9.0",
      "QT_PECA_MIN": "0.0",
      "DT_ULT_MOVIM": "2019-07-30T21:11:26.91",
      "ID_ESTOQUE": 6
    },
    {
      "IDENTIFICADOR_PK_ID_ESTOQUE_PECA": "f2214ffd-6d55-0ead-a8b7-a5c04eabebda",
      "ID_ESTOQUE_PECA": 2778,
      "CD_PECA": "H0001849977",
      "QT_PECA_ATUAL": "25.0",
      "QT_PECA_MIN": "0.0",
      "DT_ULT_MOVIM": "2019-05-27T10:25:36.813",
      "ID_ESTOQUE": 6
    },
    {
      "IDENTIFICADOR_PK_ID_ESTOQUE_PECA": "910230b1-8e69-edad-b559-786c809cc592",
      "ID_ESTOQUE_PECA": 2779,
      "CD_PECA": "HB004479471",
      "QT_PECA_ATUAL": "2.0",
      "QT_PECA_MIN": "0.0",
      "DT_ULT_MOVIM": "2019-06-11T14:16:46.217",
      "ID_ESTOQUE": 6
    },
    {
      "IDENTIFICADOR_PK_ID_ESTOQUE_PECA": "801bbd33-3c1b-b8f1-eaf3-1d816bca2c95",
      "ID_ESTOQUE_PECA": 13164,
      "CD_PECA": "HB004344667",
      "QT_PECA_ATUAL": "1.0",
      "QT_PECA_MIN": "0.0",
      "DT_ULT_MOVIM": "2019-05-22T12:38:23.68",
      "ID_ESTOQUE": 6
    },
    {
      "IDENTIFICADOR_PK_ID_ESTOQUE_PECA": "18098bd1-8406-2f86-5665-e1932fdb54fb",
      "ID_ESTOQUE_PECA": 13165,
      "CD_PECA": "HB004344683",
      "QT_PECA_ATUAL": "10.0",
      "QT_PECA_MIN": "0.0",
      "DT_ULT_MOVIM": "2019-05-22T12:38:23.713",
      "ID_ESTOQUE": 6
    },
    {
      "IDENTIFICADOR_PK_ID_ESTOQUE_PECA": "f22c0e13-9629-94c6-55ee-7589cc8fed8c",
      "ID_ESTOQUE_PECA": 13166,
      "CD_PECA": "HB004103584",
      "QT_PECA_ATUAL": "10.0",
      "QT_PECA_MIN": "0.0",
      "DT_ULT_MOVIM": "2019-05-22T12:38:23.743",
      "ID_ESTOQUE": 6
    },
    {
      "IDENTIFICADOR_PK_ID_ESTOQUE_PECA": "f563ec2b-12d3-3630-2158-3b97ff7c68bf",
      "ID_ESTOQUE_PECA": 13167,
      "CD_PECA": "H0002254979",
      "QT_PECA_ATUAL": "4.0",
      "QT_PECA_MIN": "0.0",
      "DT_ULT_MOVIM": "2019-05-27T10:25:36.767",
      "ID_ESTOQUE": 6
    },
    {
      "IDENTIFICADOR_PK_ID_ESTOQUE_PECA": "fc797086-f2af-dddf-eb29-ca1f27853ef7",
      "ID_ESTOQUE_PECA": 13168,
      "CD_PECA": "H0001732967",
      "QT_PECA_ATUAL": "2.0",
      "QT_PECA_MIN": "0.0",
      "DT_ULT_MOVIM": "2019-05-22T12:38:23.807",
      "ID_ESTOQUE": 6
    },
    {
      "IDENTIFICADOR_PK_ID_ESTOQUE_PECA": "7f59fd2b-c006-f832-1efb-35e857e2dd91",
      "ID_ESTOQUE_PECA": 13169,
      "CD_PECA": "HB004412936",
      "QT_PECA_ATUAL": "2.0",
      "QT_PECA_MIN": "0.0",
      "DT_ULT_MOVIM": "2019-05-22T12:38:23.837",
      "ID_ESTOQUE": 6
    },
    {
      "IDENTIFICADOR_PK_ID_ESTOQUE_PECA": "2a6434c0-e72a-7054-8248-4627da30f1fd",
      "ID_ESTOQUE_PECA": 13170,
      "CD_PECA": "HB004140032",
      "QT_PECA_ATUAL": "3.0",
      "QT_PECA_MIN": "0.0",
      "DT_ULT_MOVIM": "2019-05-22T12:38:23.853",
      "ID_ESTOQUE": 6
    },
    {
      "IDENTIFICADOR_PK_ID_ESTOQUE_PECA": "764651d6-9f98-a892-18f0-29bbc25b7110",
      "ID_ESTOQUE_PECA": 13171,
      "CD_PECA": "HB004335376",
      "QT_PECA_ATUAL": "1.0",
      "QT_PECA_MIN": "0.0",
      "DT_ULT_MOVIM": "2019-05-22T12:38:23.917",
      "ID_ESTOQUE": 6
    },
    {
      "IDENTIFICADOR_PK_ID_ESTOQUE_PECA": "e367fabf-5c38-5cb9-2bd8-c0a76d82c150",
      "ID_ESTOQUE_PECA": 13471,
      "CD_PECA": "H0001875527",
      "QT_PECA_ATUAL": "4.0",
      "QT_PECA_MIN": "0.0",
      "DT_ULT_MOVIM": "2019-05-27T10:25:36.427",
      "ID_ESTOQUE": 6
    },
    {
      "IDENTIFICADOR_PK_ID_ESTOQUE_PECA": "0f70c165-3ede-949a-cc06-0a7e3777287c",
      "ID_ESTOQUE_PECA": 13472,
      "CD_PECA": "H0001875485",
      "QT_PECA_ATUAL": "2.0",
      "QT_PECA_MIN": "0.0",
      "DT_ULT_MOVIM": "2019-05-27T10:25:36.45",
      "ID_ESTOQUE": 6
    },
    {
      "IDENTIFICADOR_PK_ID_ESTOQUE_PECA": "3a286ad8-d0ed-5c1d-7260-bbcdb1e0e553",
      "ID_ESTOQUE_PECA": 13473,
      "CD_PECA": "H0001829946",
      "QT_PECA_ATUAL": "14.0",
      "QT_PECA_MIN": "0.0",
      "DT_ULT_MOVIM": "2019-05-27T10:25:36.477",
      "ID_ESTOQUE": 6
    },
    {
      "IDENTIFICADOR_PK_ID_ESTOQUE_PECA": "99c62522-6aa3-25fb-3a69-074cad850b00",
      "ID_ESTOQUE_PECA": 13474,
      "CD_PECA": "H0002026435",
      "QT_PECA_ATUAL": "2.0",
      "QT_PECA_MIN": "0.0",
      "DT_ULT_MOVIM": "2019-05-27T10:25:36.483",
      "ID_ESTOQUE": 6
    },
    {
      "IDENTIFICADOR_PK_ID_ESTOQUE_PECA": "fc6df7fb-0a00-ca67-b7dc-95b88f37475b",
      "ID_ESTOQUE_PECA": 13475,
      "CD_PECA": "H0002026450",
      "QT_PECA_ATUAL": "8.0",
      "QT_PECA_MIN": "0.0",
      "DT_ULT_MOVIM": "2019-05-27T10:25:36.493",
      "ID_ESTOQUE": 6
    },
    {
      "IDENTIFICADOR_PK_ID_ESTOQUE_PECA": "9f811c22-e4ab-0aa8-62e7-cfb77d73a2c3",
      "ID_ESTOQUE_PECA": 13476,
      "CD_PECA": "HB004186274",
      "QT_PECA_ATUAL": "2.0",
      "QT_PECA_MIN": "0.0",
      "DT_ULT_MOVIM": "2019-05-27T10:25:36.51",
      "ID_ESTOQUE": 6
    },
    {
      "IDENTIFICADOR_PK_ID_ESTOQUE_PECA": "9808c5db-58cf-fe2d-bd6d-7adf4eaf9eb6",
      "ID_ESTOQUE_PECA": 13477,
      "CD_PECA": "HB004369839",
      "QT_PECA_ATUAL": "4.0",
      "QT_PECA_MIN": "0.0",
      "DT_ULT_MOVIM": "2019-05-27T10:25:36.53",
      "ID_ESTOQUE": 6
    },
    {
      "IDENTIFICADOR_PK_ID_ESTOQUE_PECA": "10ffcc90-6818-66bc-6420-b5a026945d3a",
      "ID_ESTOQUE_PECA": 13478,
      "CD_PECA": "H0001508268",
      "QT_PECA_ATUAL": "22.0",
      "QT_PECA_MIN": "0.0",
      "DT_ULT_MOVIM": "2019-07-30T22:52:14.513",
      "ID_ESTOQUE": 6
    },
    {
      "IDENTIFICADOR_PK_ID_ESTOQUE_PECA": "7be7adf0-9243-383b-237d-b569b016ba25",
      "ID_ESTOQUE_PECA": 13479,
      "CD_PECA": "HB004140073",
      "QT_PECA_ATUAL": "2.0",
      "QT_PECA_MIN": "0.0",
      "DT_ULT_MOVIM": "2019-05-27T10:25:36.547",
      "ID_ESTOQUE": 6
    },
    {
      "IDENTIFICADOR_PK_ID_ESTOQUE_PECA": "ab4f1315-1ace-8ff4-50bc-470ddfacdf56",
      "ID_ESTOQUE_PECA": 13480,
      "CD_PECA": "HB004188478",
      "QT_PECA_ATUAL": "10.0",
      "QT_PECA_MIN": "0.0",
      "DT_ULT_MOVIM": "2019-05-27T10:25:36.567",
      "ID_ESTOQUE": 6
    },
    {
      "IDENTIFICADOR_PK_ID_ESTOQUE_PECA": "3b86d076-135d-eda9-61f7-df9149fb93d8",
      "ID_ESTOQUE_PECA": 13481,
      "CD_PECA": "H0001622564",
      "QT_PECA_ATUAL": "9.0",
      "QT_PECA_MIN": "0.0",
      "DT_ULT_MOVIM": "2019-07-30T21:07:24.577",
      "ID_ESTOQUE": 6
    },
    {
      "IDENTIFICADOR_PK_ID_ESTOQUE_PECA": "06ac7f91-dad4-68ae-1dab-fe964ca8c74e",
      "ID_ESTOQUE_PECA": 13482,
      "CD_PECA": "H0001857988",
      "QT_PECA_ATUAL": "6.0",
      "QT_PECA_MIN": "0.0",
      "DT_ULT_MOVIM": "2019-05-27T10:25:36.587",
      "ID_ESTOQUE": 6
    },
    {
      "IDENTIFICADOR_PK_ID_ESTOQUE_PECA": "6fe23a98-a339-cc07-b2d5-e0cb5f752ee5",
      "ID_ESTOQUE_PECA": 13483,
      "CD_PECA": "HB004188973",
      "QT_PECA_ATUAL": "10.0",
      "QT_PECA_MIN": "0.0",
      "DT_ULT_MOVIM": "2019-05-27T10:25:36.597",
      "ID_ESTOQUE": 6
    },
    {
      "IDENTIFICADOR_PK_ID_ESTOQUE_PECA": "65c2733f-fdc3-f1a8-4254-bd1765916d05",
      "ID_ESTOQUE_PECA": 13484,
      "CD_PECA": "H0001622556",
      "QT_PECA_ATUAL": "14.0",
      "QT_PECA_MIN": "0.0",
      "DT_ULT_MOVIM": "2019-07-30T22:10:52.023",
      "ID_ESTOQUE": 6
    },
    {
      "IDENTIFICADOR_PK_ID_ESTOQUE_PECA": "383df657-54fd-1139-4eac-eb6b8fce4d27",
      "ID_ESTOQUE_PECA": 13485,
      "CD_PECA": "H0001622549",
      "QT_PECA_ATUAL": "16.0",
      "QT_PECA_MIN": "0.0",
      "DT_ULT_MOVIM": "2019-05-27T10:25:36.617",
      "ID_ESTOQUE": 6
    },
    {
      "IDENTIFICADOR_PK_ID_ESTOQUE_PECA": "ed07dca7-a4ec-6ba1-2b8e-0eaae142415d",
      "ID_ESTOQUE_PECA": 13486,
      "CD_PECA": "78809463785",
      "QT_PECA_ATUAL": "2.0",
      "QT_PECA_MIN": "0.0",
      "DT_ULT_MOVIM": "2019-05-27T10:25:36.633",
      "ID_ESTOQUE": 6
    },
    {
      "IDENTIFICADOR_PK_ID_ESTOQUE_PECA": "45f43ec3-af4d-7870-0820-e714a3fcce8f",
      "ID_ESTOQUE_PECA": 13487,
      "CD_PECA": "H0001875386",
      "QT_PECA_ATUAL": "4.0",
      "QT_PECA_MIN": "0.0",
      "DT_ULT_MOVIM": "2019-05-27T10:25:36.647",
      "ID_ESTOQUE": 6
    },
    {
      "IDENTIFICADOR_PK_ID_ESTOQUE_PECA": "2e90a0a5-1de3-6562-b026-c53ea428d284",
      "ID_ESTOQUE_PECA": 13488,
      "CD_PECA": "HB004285563",
      "QT_PECA_ATUAL": "1.0",
      "QT_PECA_MIN": "0.0",
      "DT_ULT_MOVIM": "2019-05-27T10:25:36.667",
      "ID_ESTOQUE": 6
    },
    {
      "IDENTIFICADOR_PK_ID_ESTOQUE_PECA": "5c10063a-7af8-0d4a-2b22-ca218aca4783",
      "ID_ESTOQUE_PECA": 13489,
      "CD_PECA": "HB004036503",
      "QT_PECA_ATUAL": "2.0",
      "QT_PECA_MIN": "0.0",
      "DT_ULT_MOVIM": "2019-05-27T10:25:36.717",
      "ID_ESTOQUE": 6
    },
    {
      "IDENTIFICADOR_PK_ID_ESTOQUE_PECA": "7c228536-f664-a86e-888d-eca4984ed442",
      "ID_ESTOQUE_PECA": 13490,
      "CD_PECA": "H0002279125",
      "QT_PECA_ATUAL": "2.0",
      "QT_PECA_MIN": "0.0",
      "DT_ULT_MOVIM": "2019-05-27T10:25:36.73",
      "ID_ESTOQUE": 6
    },
    {
      "IDENTIFICADOR_PK_ID_ESTOQUE_PECA": "7b0b9461-2ac1-cef1-b9b3-d3754634ae3e",
      "ID_ESTOQUE_PECA": 13491,
      "CD_PECA": "H0001476649",
      "QT_PECA_ATUAL": "2.0",
      "QT_PECA_MIN": "0.0",
      "DT_ULT_MOVIM": "2019-05-27T10:25:36.743",
      "ID_ESTOQUE": 6
    },
    {
      "IDENTIFICADOR_PK_ID_ESTOQUE_PECA": "95749979-191f-c7a0-30ac-da2389cc852b",
      "ID_ESTOQUE_PECA": 13492,
      "CD_PECA": "H0002254961",
      "QT_PECA_ATUAL": "2.0",
      "QT_PECA_MIN": "0.0",
      "DT_ULT_MOVIM": "2019-05-27T10:25:36.753",
      "ID_ESTOQUE": 6
    },
    {
      "IDENTIFICADOR_PK_ID_ESTOQUE_PECA": "6c4a7675-5f5b-0730-d5f6-addf322fa7f1",
      "ID_ESTOQUE_PECA": 13493,
      "CD_PECA": "HB004119101",
      "QT_PECA_ATUAL": "2.0",
      "QT_PECA_MIN": "0.0",
      "DT_ULT_MOVIM": "2019-05-27T10:25:36.78",
      "ID_ESTOQUE": 6
    },
    {
      "IDENTIFICADOR_PK_ID_ESTOQUE_PECA": "2de47ec8-3000-cb6d-6264-ceda372b8a47",
      "ID_ESTOQUE_PECA": 13494,
      "CD_PECA": "HB004138135",
      "QT_PECA_ATUAL": "2.0",
      "QT_PECA_MIN": "0.0",
      "DT_ULT_MOVIM": "2019-05-27T10:25:36.797",
      "ID_ESTOQUE": 6
    },
    {
      "IDENTIFICADOR_PK_ID_ESTOQUE_PECA": "866f0f2b-e0f6-fd28-9164-f0ea12d17ca7",
      "ID_ESTOQUE_PECA": 13495,
      "CD_PECA": "H0002249573",
      "QT_PECA_ATUAL": "6.0",
      "QT_PECA_MIN": "0.0",
      "DT_ULT_MOVIM": "2019-06-11T14:16:46.09",
      "ID_ESTOQUE": 6
    },
    {
      "IDENTIFICADOR_PK_ID_ESTOQUE_PECA": "14a2a4f2-fe56-4b5a-fd30-59fa3676a469",
      "ID_ESTOQUE_PECA": 13496,
      "CD_PECA": "H0001491465",
      "QT_PECA_ATUAL": "4.0",
      "QT_PECA_MIN": "0.0",
      "DT_ULT_MOVIM": "2019-05-27T10:25:36.823",
      "ID_ESTOQUE": 6
    },
    {
      "IDENTIFICADOR_PK_ID_ESTOQUE_PECA": "02ed6ae6-b33c-dc0f-29ca-488de67c02da",
      "ID_ESTOQUE_PECA": 13497,
      "CD_PECA": "H0001849969",
      "QT_PECA_ATUAL": "9.0",
      "QT_PECA_MIN": "0.0",
      "DT_ULT_MOVIM": "2019-07-30T21:52:20.203",
      "ID_ESTOQUE": 6
    },
    {
      "IDENTIFICADOR_PK_ID_ESTOQUE_PECA": "d4cc8cc2-6e48-63fb-6bd7-d753ca52d487",
      "ID_ESTOQUE_PECA": 13498,
      "CD_PECA": "H0001499773",
      "QT_PECA_ATUAL": "4.0",
      "QT_PECA_MIN": "0.0",
      "DT_ULT_MOVIM": "2019-05-27T10:25:36.843",
      "ID_ESTOQUE": 6
    },
    {
      "IDENTIFICADOR_PK_ID_ESTOQUE_PECA": "680b234d-f93b-0584-53ae-57f4acc96e81",
      "ID_ESTOQUE_PECA": 13499,
      "CD_PECA": "HB004285738",
      "QT_PECA_ATUAL": "1.0",
      "QT_PECA_MIN": "0.0",
      "DT_ULT_MOVIM": "2019-05-27T10:25:36.85",
      "ID_ESTOQUE": 6
    },
    {
      "IDENTIFICADOR_PK_ID_ESTOQUE_PECA": "55617835-0d3d-30b7-7050-a24ce16a8c64",
      "ID_ESTOQUE_PECA": 13500,
      "CD_PECA": "HB004321178",
      "QT_PECA_ATUAL": "3.0",
      "QT_PECA_MIN": "0.0",
      "DT_ULT_MOVIM": "2019-06-11T14:16:46.17",
      "ID_ESTOQUE": 6
    },
    {
      "IDENTIFICADOR_PK_ID_ESTOQUE_PECA": "5e830fe5-7819-899b-95b9-bc6f8779f4e2",
      "ID_ESTOQUE_PECA": 13501,
      "CD_PECA": "HB004178032",
      "QT_PECA_ATUAL": "2.0",
      "QT_PECA_MIN": "0.0",
      "DT_ULT_MOVIM": "2019-05-27T10:25:36.87",
      "ID_ESTOQUE": 6
    },
    {
      "IDENTIFICADOR_PK_ID_ESTOQUE_PECA": "27e1df13-d4c6-4106-c7ad-9fd60ef8701d",
      "ID_ESTOQUE_PECA": 13502,
      "CD_PECA": "H0001875428",
      "QT_PECA_ATUAL": "0.0",
      "QT_PECA_MIN": "0.0",
      "DT_ULT_MOVIM": "2019-06-10T15:34:30.493",
      "ID_ESTOQUE": 6
    },
    {
      "IDENTIFICADOR_PK_ID_ESTOQUE_PECA": "fb1cdc38-29bc-6d33-6e9d-c76e9475d4e6",
      "ID_ESTOQUE_PECA": 14029,
      "CD_PECA": "H0001627787",
      "QT_PECA_ATUAL": "1.0",
      "QT_PECA_MIN": "0.0",
      "DT_ULT_MOVIM": "2019-06-11T14:16:46.06",
      "ID_ESTOQUE": 6
    },
    {
      "IDENTIFICADOR_PK_ID_ESTOQUE_PECA": "1fa233dd-5d7b-391e-ae66-b67be7a6d253",
      "ID_ESTOQUE_PECA": 14030,
      "CD_PECA": "H0001627803",
      "QT_PECA_ATUAL": "1.0",
      "QT_PECA_MIN": "0.0",
      "DT_ULT_MOVIM": "2019-06-11T14:16:46.077",
      "ID_ESTOQUE": 6
    },
    {
      "IDENTIFICADOR_PK_ID_ESTOQUE_PECA": "77686db1-661e-f6bc-386d-f99368154934",
      "ID_ESTOQUE_PECA": 14031,
      "CD_PECA": "H0002279117",
      "QT_PECA_ATUAL": "2.0",
      "QT_PECA_MIN": "0.0",
      "DT_ULT_MOVIM": "2019-06-11T14:16:46.107",
      "ID_ESTOQUE": 6
    },
    {
      "IDENTIFICADOR_PK_ID_ESTOQUE_PECA": "afb65029-a5d1-4540-c065-9ae2368893c8",
      "ID_ESTOQUE_PECA": 14032,
      "CD_PECA": "HB004137277",
      "QT_PECA_ATUAL": "2.0",
      "QT_PECA_MIN": "0.0",
      "DT_ULT_MOVIM": "2019-06-11T14:16:46.137",
      "ID_ESTOQUE": 6
    },
    {
      "IDENTIFICADOR_PK_ID_ESTOQUE_PECA": "e9f41f95-2887-9a48-b394-9b77a11507e2",
      "ID_ESTOQUE_PECA": 14033,
      "CD_PECA": "HB004321194",
      "QT_PECA_ATUAL": "2.0",
      "QT_PECA_MIN": "0.0",
      "DT_ULT_MOVIM": "2019-06-11T14:16:46.183",
      "ID_ESTOQUE": 6
    },
    {
      "IDENTIFICADOR_PK_ID_ESTOQUE_PECA": "a0b8b78d-ed02-b8f0-1837-b1d347a3657c",
      "ID_ESTOQUE_PECA": 14034,
      "CD_PECA": "HB004479463",
      "QT_PECA_ATUAL": "2.0",
      "QT_PECA_MIN": "0.0",
      "DT_ULT_MOVIM": "2019-06-11T14:16:46.2",
      "ID_ESTOQUE": 6
    },
    {
      "IDENTIFICADOR_PK_ID_ESTOQUE_PECA": "b143d99d-88d5-f92b-0d9e-b60a277f0316",
      "ID_ESTOQUE_PECA": 15118,
      "CD_PECA": "HB004465868",
      "QT_PECA_ATUAL": "1.0",
      "QT_PECA_MIN": "0.0",
      "DT_ULT_MOVIM": "2019-06-25T11:49:37.563",
      "ID_ESTOQUE": 6
    },
    {
      "IDENTIFICADOR_PK_ID_ESTOQUE_PECA": "738bd6fa-6c0c-5f46-6a66-30b0ed0199cb",
      "ID_ESTOQUE_PECA": 15834,
      "CD_PECA": "H0002229526",
      "QT_PECA_ATUAL": "-1.0",
      "QT_PECA_MIN": "0.0",
      "DT_ULT_MOVIM": "2019-07-30T19:49:47.2",
      "ID_ESTOQUE": 6
    },
    {
      "IDENTIFICADOR_PK_ID_ESTOQUE_PECA": "64a02e65-35e0-d92b-40d8-81f815c03175",
      "ID_ESTOQUE_PECA": 15836,
      "CD_PECA": "HB004284798",
      "QT_PECA_ATUAL": "-4.0",
      "QT_PECA_MIN": "0.0",
      "DT_ULT_MOVIM": "2019-07-30T20:41:24.32",
      "ID_ESTOQUE": 6
    },
    {
      "IDENTIFICADOR_PK_ID_ESTOQUE_PECA": "a05649e4-11a9-2b8d-fe39-f3483f57db37",
      "ID_ESTOQUE_PECA": 15837,
      "CD_PECA": "HB004117451",
      "QT_PECA_ATUAL": "-2.0",
      "QT_PECA_MIN": "0.0",
      "DT_ULT_MOVIM": "2019-07-30T20:55:44.637",
      "ID_ESTOQUE": 6
    },
    {
      "IDENTIFICADOR_PK_ID_ESTOQUE_PECA": "7c1524b8-e5f4-a6f6-450a-66b7849aba66",
      "ID_ESTOQUE_PECA": 15839,
      "CD_PECA": "HB004186258",
      "QT_PECA_ATUAL": "-3.0",
      "QT_PECA_MIN": "0.0",
      "DT_ULT_MOVIM": "2019-07-30T23:01:45.4",
      "ID_ESTOQUE": 6
    },
    {
      "IDENTIFICADOR_PK_ID_ESTOQUE_PECA": "eb6c8243-67aa-7d49-66b6-bb8850d6a91a",
      "ID_ESTOQUE_PECA": 15840,
      "CD_PECA": "HB004196901",
      "QT_PECA_ATUAL": "-5.0",
      "QT_PECA_MIN": "0.0",
      "DT_ULT_MOVIM": "2019-07-30T21:20:03.62",
      "ID_ESTOQUE": 6
    },
    {
      "IDENTIFICADOR_PK_ID_ESTOQUE_PECA": "a71feb69-b3a8-8e0d-7bcf-c61f5c9c7d96",
      "ID_ESTOQUE_PECA": 15848,
      "CD_PECA": "H0002266973",
      "QT_PECA_ATUAL": "-1.0",
      "QT_PECA_MIN": "0.0",
      "DT_ULT_MOVIM": "2019-07-30T22:46:09.69",
      "ID_ESTOQUE": 6
    },
    {
      "IDENTIFICADOR_PK_ID_ESTOQUE_PECA": "a1763d0a-aab1-cb57-255b-c897ac3254a2",
      "ID_ESTOQUE_PECA": 16235,
      "CD_PECA": "HB004117253",
      "QT_PECA_ATUAL": "-4.0",
      "QT_PECA_MIN": "0.0",
      "DT_ULT_MOVIM": "2019-12-10T09:07:53.823",
      "ID_ESTOQUE": 6
    },
    {
      "IDENTIFICADOR_PK_ID_ESTOQUE_PECA": "19d458d7-3e02-225a-8ec6-96e53c735f17",
      "ID_ESTOQUE_PECA": 16489,
      "CD_PECA": "H0002305599",
      "QT_PECA_ATUAL": "-1.0",
      "QT_PECA_MIN": "0.0",
      "DT_ULT_MOVIM": "2019-09-20T18:17:02.893",
      "ID_ESTOQUE": 6
    },
    {
      "IDENTIFICADOR_PK_ID_ESTOQUE_PECA": "4f84004e-e394-5d62-d7a0-0030e2cfe697",
      "ID_ESTOQUE_PECA": 16504,
      "CD_PECA": "78805267180",
      "QT_PECA_ATUAL": "-21.0",
      "QT_PECA_MIN": "0.0",
      "DT_ULT_MOVIM": "2019-09-30T14:18:32.413",
      "ID_ESTOQUE": 6
    },
    {
      "IDENTIFICADOR_PK_ID_ESTOQUE_PECA": "ee258c44-b261-2e57-ef90-76c03b7b8c67",
      "ID_ESTOQUE_PECA": 16505,
      "CD_PECA": "11000747151",
      "QT_PECA_ATUAL": "-7.0",
      "QT_PECA_MIN": "0.0",
      "DT_ULT_MOVIM": "2019-09-30T14:19:08.653",
      "ID_ESTOQUE": 6
    },
    {
      "IDENTIFICADOR_PK_ID_ESTOQUE_PECA": "a6144ce0-1b6e-4627-9554-6dc89e1c20ec",
      "ID_ESTOQUE_PECA": 16522,
      "CD_PECA": "HB004117113",
      "QT_PECA_ATUAL": "-1.0",
      "QT_PECA_MIN": "0.0",
      "DT_ULT_MOVIM": "2019-11-01T11:27:52.2",
      "ID_ESTOQUE": 6
    },
    {
      "IDENTIFICADOR_PK_ID_ESTOQUE_PECA": "e1b944bc-4ddf-8cfc-bf8a-5f08f4ac01a8",
      "ID_ESTOQUE_PECA": 16523,
      "CD_PECA": "HB004117238",
      "QT_PECA_ATUAL": "-2.0",
      "QT_PECA_MIN": "0.0",
      "DT_ULT_MOVIM": "2019-11-04T15:00:40.383",
      "ID_ESTOQUE": 6
    }
  ],
  "ESTOQUE_MOVI": [
    {
      "IDENTIFICADOR_PK_ID_ESTOQUE_MOVI": "6dee5689-4cd5-435e-bc68-70d491449ca7",
      "IDENTIFICADOR_FK_ID_OS": "8d0f42a3-7d58-47f7-a322-d11d4c0a9131",
      "ID_ESTOQUE_MOVI": null,
      "CD_TP_MOVIMENTACAO": "5",
      "ID_OS": null,
      "DT_MOVIMENTACAO": "2020-02-03T14:50:31.840923",
      "CD_CLIENTE": 1,
      "ID_ESTOQUE": 1,
      "CD_PECA": "11000747151",
      "QT_PECA": -11.0,
      "ID_USU_MOVI": 8,
      "ID_ESTOQUE_ORIGEM": 1,
      "nidUsuarioAtualizacao": 8.0,
      "dtmDataHoraAtualizacao": "2020-02-03T14:50:31.840219",
      "TP_ENTRADA_SAIDA": "S"
    },
    {
      "IDENTIFICADOR_PK_ID_ESTOQUE_MOVI": "9e8f7503-b5c8-4c70-a93b-d5375241ea6c",
      "IDENTIFICADOR_FK_ID_OS": "8d0f42a3-7d58-47f7-a322-d11d4c0a9131",
      "ID_ESTOQUE_MOVI": null,
      "CD_TP_MOVIMENTACAO": "5",
      "ID_OS": null,
      "DT_MOVIMENTACAO": "2020-02-03T14:53:50.955252",
      "CD_CLIENTE": 1,
      "ID_ESTOQUE": 2,
      "CD_PECA": "11000755212",
      "QT_PECA": -22.0,
      "ID_USU_MOVI": 8,
      "ID_ESTOQUE_ORIGEM": 1,
      "nidUsuarioAtualizacao": 8.0,
      "dtmDataHoraAtualizacao": "2020-02-03T14:53:50.954436",
      "TP_ENTRADA_SAIDA": "S"
    }
  ],
  "AGENDA": [
    {
      "IDENTIFICADOR_PK_ID_AGENDA": "0a50fbce-3d9f-5105-1296-a719cffb21cf",
      "IDENTIFICADOR_FK_CD_CLIENTE": "fc8398a1-5da9-5e0e-c7ee-6c94c6c32028",
      "IDENTIFICADOR_FK_CD_TECNICO": "91cabbb9-c7a1-5f4f-5185-48bb543caf54",
      "ID_AGENDA": 4816,
      "CD_CLIENTE": 4066.0,
      "CD_TECNICO": "347803",
      "NR_ORDENACAO": 1
    },
    {
      "IDENTIFICADOR_PK_ID_AGENDA": "20f06f7e-4957-60bc-25b5-1155e26f6ced",
      "IDENTIFICADOR_FK_CD_CLIENTE": "40f7e4e7-7af9-c338-13a9-abc2ec6ab85e",
      "IDENTIFICADOR_FK_CD_TECNICO": "91cabbb9-c7a1-5f4f-5185-48bb543caf54",
      "ID_AGENDA": 4817,
      "CD_CLIENTE": 22022.0,
      "CD_TECNICO": "347803",
      "NR_ORDENACAO": 2
    },
    {
      "IDENTIFICADOR_PK_ID_AGENDA": "347d2685-5e9a-7f64-f0a9-edcb5ffd1e02",
      "IDENTIFICADOR_FK_CD_CLIENTE": "cfc8ec9a-357d-6991-8c33-693ba8a60b65",
      "IDENTIFICADOR_FK_CD_TECNICO": "91cabbb9-c7a1-5f4f-5185-48bb543caf54",
      "ID_AGENDA": 4821,
      "CD_CLIENTE": 217299.0,
      "CD_TECNICO": "347803",
      "NR_ORDENACAO": 3
    },
    {
      "IDENTIFICADOR_PK_ID_AGENDA": "c730cc79-0735-c2cf-5d20-fe7f7bcfd91b",
      "IDENTIFICADOR_FK_CD_CLIENTE": "0944be55-e00b-740e-c691-eecde19bd9a0",
      "IDENTIFICADOR_FK_CD_TECNICO": "91cabbb9-c7a1-5f4f-5185-48bb543caf54",
      "ID_AGENDA": 4820,
      "CD_CLIENTE": 202234.0,
      "CD_TECNICO": "347803",
      "NR_ORDENACAO": 4
    },
    {
      "IDENTIFICADOR_PK_ID_AGENDA": "3b248fe8-41f3-d9de-b4ce-d444795c3f17",
      "IDENTIFICADOR_FK_CD_CLIENTE": "1e57e0c2-a350-275b-1908-8134251d0aa7",
      "IDENTIFICADOR_FK_CD_TECNICO": "91cabbb9-c7a1-5f4f-5185-48bb543caf54",
      "ID_AGENDA": 4818,
      "CD_CLIENTE": 37392.0,
      "CD_TECNICO": "347803",
      "NR_ORDENACAO": 5
    },
    {
      "IDENTIFICADOR_PK_ID_AGENDA": "32102ac9-7443-c6fa-8171-9d63979d00fe",
      "IDENTIFICADOR_FK_CD_CLIENTE": "b4f889b7-396e-937e-b70a-79f59d7424cb",
      "IDENTIFICADOR_FK_CD_TECNICO": "91cabbb9-c7a1-5f4f-5185-48bb543caf54",
      "ID_AGENDA": 2026,
      "CD_CLIENTE": 16738.0,
      "CD_TECNICO": "347803",
      "NR_ORDENACAO": 6
    },
    {
      "IDENTIFICADOR_PK_ID_AGENDA": "bf512331-79f0-7689-9097-660a56395065",
      "IDENTIFICADOR_FK_CD_CLIENTE": "8030f712-4ce0-d8e0-e95d-efb577ebc3f4",
      "IDENTIFICADOR_FK_CD_TECNICO": "91cabbb9-c7a1-5f4f-5185-48bb543caf54",
      "ID_AGENDA": 2025,
      "CD_CLIENTE": 8008.0,
      "CD_TECNICO": "347803",
      "NR_ORDENACAO": 7
    },
    {
      "IDENTIFICADOR_PK_ID_AGENDA": "f051ef88-91bf-451e-2e8d-bb1d807a81ab",
      "IDENTIFICADOR_FK_CD_CLIENTE": "d4ed49f2-9373-383d-3094-e25221b7bf76",
      "IDENTIFICADOR_FK_CD_TECNICO": "91cabbb9-c7a1-5f4f-5185-48bb543caf54",
      "ID_AGENDA": 2031,
      "CD_CLIENTE": 112549.0,
      "CD_TECNICO": "347803",
      "NR_ORDENACAO": 8
    },
    {
      "IDENTIFICADOR_PK_ID_AGENDA": "fd603b09-5705-4c80-8ba0-cbf1453da22f",
      "IDENTIFICADOR_FK_CD_CLIENTE": "07772e26-61a1-1c06-2b75-c75215c2c4a9",
      "IDENTIFICADOR_FK_CD_TECNICO": "91cabbb9-c7a1-5f4f-5185-48bb543caf54",
      "ID_AGENDA": 2029,
      "CD_CLIENTE": 32555.0,
      "CD_TECNICO": "347803",
      "NR_ORDENACAO": 9
    },
    {
      "IDENTIFICADOR_PK_ID_AGENDA": "d1ed60d8-83dd-6fb3-02ce-52bde626c653",
      "IDENTIFICADOR_FK_CD_CLIENTE": "677f4650-d47b-dc20-fdd3-f978a2a7171b",
      "IDENTIFICADOR_FK_CD_TECNICO": "91cabbb9-c7a1-5f4f-5185-48bb543caf54",
      "ID_AGENDA": 2028,
      "CD_CLIENTE": 25058.0,
      "CD_TECNICO": "347803",
      "NR_ORDENACAO": 10
    },
    {
      "IDENTIFICADOR_PK_ID_AGENDA": "f054d430-779b-9f1b-65e3-eaf6e00fa7bd",
      "IDENTIFICADOR_FK_CD_CLIENTE": "1dea9f32-60a1-748c-4b61-86b6d6ab003d",
      "IDENTIFICADOR_FK_CD_TECNICO": "91cabbb9-c7a1-5f4f-5185-48bb543caf54",
      "ID_AGENDA": 4819,
      "CD_CLIENTE": 102937.0,
      "CD_TECNICO": "347803",
      "NR_ORDENACAO": 11
    },
    {
      "IDENTIFICADOR_PK_ID_AGENDA": "c61d8107-22c4-4c33-e36a-09ff5cd6fe71",
      "IDENTIFICADOR_FK_CD_CLIENTE": "ba7a50f1-c89f-fa2f-7cc7-373c58f8a613",
      "IDENTIFICADOR_FK_CD_TECNICO": "91cabbb9-c7a1-5f4f-5185-48bb543caf54",
      "ID_AGENDA": 2024,
      "CD_CLIENTE": 5595.0,
      "CD_TECNICO": "347803",
      "NR_ORDENACAO": 12
    }
  ],
  "VISITA": [
    {
      "IDENTIFICADOR_PK_ID_VISITA": "70040c06-1c92-1a7a-c5b0-1a37be667dfe",
      "IDENTIFICADOR_FK_CD_CLIENTE": "40f7e4e7-7af9-c338-13a9-abc2ec6ab85e",
      "IDENTIFICADOR_FK_CD_TECNICO": "91cabbb9-c7a1-5f4f-5185-48bb543caf54",
      "ID_VISITA": 92689,
      "DT_DATA_VISITA": "2020-01-20T11:25:32.813",
      "ST_TP_STATUS_VISITA_OS": 3,
      "CD_CLIENTE": 22022.0,
      "CD_TECNICO": "347803",
      "DS_OBSERVACAO": "",
      "DS_NOME_RESPONSAVEL": "",
      "nidUsuarioAtualizacao": 8.0,
      "dtmDataHoraAtualizacao": "2020-01-13T11:25:36.647"
    },
    {
      "IDENTIFICADOR_PK_ID_VISITA": "5238e772-6006-886f-e036-8a772e7b0f13",
      "IDENTIFICADOR_FK_CD_CLIENTE": "fc8398a1-5da9-5e0e-c7ee-6c94c6c32028",
      "IDENTIFICADOR_FK_CD_TECNICO": "91cabbb9-c7a1-5f4f-5185-48bb543caf54",
      "ID_VISITA": 92690,
      "DT_DATA_VISITA": "2020-01-20T12:58:01",
      "ST_TP_STATUS_VISITA_OS": 3,
      "CD_CLIENTE": 4066.0,
      "CD_TECNICO": "347803",
      "DS_OBSERVACAO": "",
      "DS_NOME_RESPONSAVEL": "",
      "nidUsuarioAtualizacao": 8.0,
      "dtmDataHoraAtualizacao": "2020-01-13T14:58:22.903"
    },
    {
      "IDENTIFICADOR_PK_ID_VISITA": "43376c72-7cd1-0b0e-d19c-0e87fd53dafd",
      "IDENTIFICADOR_FK_CD_CLIENTE": "fc8398a1-5da9-5e0e-c7ee-6c94c6c32028",
      "IDENTIFICADOR_FK_CD_TECNICO": "91cabbb9-c7a1-5f4f-5185-48bb543caf54",
      "ID_VISITA": 92691,
      "DT_DATA_VISITA": "2020-01-20T15:47:56.117",
      "ST_TP_STATUS_VISITA_OS": 3,
      "CD_CLIENTE": 4066.0,
      "CD_TECNICO": "347803",
      "DS_OBSERVACAO": "Teste de Observa��o",
      "DS_NOME_RESPONSAVEL": "Marjorie Look",
      "nidUsuarioAtualizacao": 8.0,
      "dtmDataHoraAtualizacao": "2020-01-13T15:47:56.943"
    },
    {
      "IDENTIFICADOR_PK_ID_VISITA": "807de6d7-598f-611f-eb49-76d6a8c97640",
      "IDENTIFICADOR_FK_CD_CLIENTE": "fc8398a1-5da9-5e0e-c7ee-6c94c6c32028",
      "IDENTIFICADOR_FK_CD_TECNICO": "91cabbb9-c7a1-5f4f-5185-48bb543caf54",
      "ID_VISITA": 92692,
      "DT_DATA_VISITA": "2020-01-20T15:53:22.543",
      "ST_TP_STATUS_VISITA_OS": 1,
      "CD_CLIENTE": 4066.0,
      "CD_TECNICO": "347803",
      "DS_OBSERVACAO": "",
      "DS_NOME_RESPONSAVEL": "",
      "nidUsuarioAtualizacao": 8.0,
      "dtmDataHoraAtualizacao": "2020-01-13T15:53:22.977"
    },
    {
      "IDENTIFICADOR_PK_ID_VISITA": "dd75f212-8383-a2f5-0d1a-66855c295062",
      "IDENTIFICADOR_FK_CD_CLIENTE": "fc8398a1-5da9-5e0e-c7ee-6c94c6c32028",
      "IDENTIFICADOR_FK_CD_TECNICO": "91cabbb9-c7a1-5f4f-5185-48bb543caf54",
      "ID_VISITA": 92695,
      "DT_DATA_VISITA": "2020-01-20T16:31:48.877",
      "ST_TP_STATUS_VISITA_OS": 3,
      "CD_CLIENTE": 4066.0,
      "CD_TECNICO": "347803",
      "DS_OBSERVACAO": "",
      "DS_NOME_RESPONSAVEL": "DENILSON GAVAZONI",
      "nidUsuarioAtualizacao": 8.0,
      "dtmDataHoraAtualizacao": "2020-01-21T03:09:00.2"
    },
    {
      "IDENTIFICADOR_PK_ID_VISITA": "d4ed18a6-92a5-0476-448c-dc70d4c16172",
      "IDENTIFICADOR_FK_CD_CLIENTE": "cfc8ec9a-357d-6991-8c33-693ba8a60b65",
      "IDENTIFICADOR_FK_CD_TECNICO": "91cabbb9-c7a1-5f4f-5185-48bb543caf54",
      "ID_VISITA": 92696,
      "DT_DATA_VISITA": "2020-01-27T12:07:57.93",
      "ST_TP_STATUS_VISITA_OS": 2,
      "CD_CLIENTE": 217299.0,
      "CD_TECNICO": "347803",
      "DS_OBSERVACAO": "",
      "DS_NOME_RESPONSAVEL": "DENILSON GAVAZONI",
      "nidUsuarioAtualizacao": 8.0,
      "dtmDataHoraAtualizacao": "2020-02-03T14:49:43.072397"
    }
  ],
  "OS": [
    {
      "IDENTIFICADOR_PK_ID_OS": "1c33f76c-c44b-5c2e-ac72-f42d88ac6fe7",
      "IDENTIFICADOR_FK_CD_ATIVO_FIXO": "ff5cbe4e-4e49-fbea-7c98-c8fecd10f45b",
      "IDENTIFICADOR_FK_CD_TECNICO": "91cabbb9-c7a1-5f4f-5185-48bb543caf54",
      "IDENTIFICADOR_FK_ID_VISITA": "70040c06-1c92-1a7a-c5b0-1a37be667dfe",
      "ID_OS": 186156,
      "DT_DATA_ABERTURA": "2026-01-09T18:05:54",
      "ST_TP_STATUS_VISITA_OS": 4,
      "CD_ATIVO_FIXO": "E02967",
      "CD_TECNICO": "347803",
      "ID_VISITA": 92689,
      "TP_MANUTENCAO": "P",
      "DS_OBSERVACAO": "",
      "nidUsuarioAtualizacao": 8.0,
      "dtmDataHoraAtualizacao": "2020-01-10T18:01:04.043"
    },
    {
      "IDENTIFICADOR_PK_ID_OS": "6d29bf5c-87be-9cf8-a141-73d1737d8c5f",
      "IDENTIFICADOR_FK_CD_ATIVO_FIXO": "f2a51763-bbed-9b92-72ef-c1d9523d1d01",
      "IDENTIFICADOR_FK_CD_TECNICO": "91cabbb9-c7a1-5f4f-5185-48bb543caf54",
      "IDENTIFICADOR_FK_ID_VISITA": "5238e772-6006-886f-e036-8a772e7b0f13",
      "ID_OS": 186159,
      "DT_DATA_ABERTURA": "2020-01-13T18:56:58",
      "ST_TP_STATUS_VISITA_OS": 4,
      "CD_ATIVO_FIXO": "137850",
      "CD_TECNICO": "347803",
      "ID_VISITA": 92690,
      "TP_MANUTENCAO": "P",
      "DS_OBSERVACAO": "",
      "nidUsuarioAtualizacao": 8.0,
      "dtmDataHoraAtualizacao": "2020-01-13T20:55:23.143"
    },
    {
      "IDENTIFICADOR_PK_ID_OS": "3ce593af-d686-1e59-6fd5-12c56558ec1b",
      "IDENTIFICADOR_FK_CD_ATIVO_FIXO": "7db0d94a-9ebc-7552-2ef6-d84b3dfe473b",
      "IDENTIFICADOR_FK_CD_TECNICO": "91cabbb9-c7a1-5f4f-5185-48bb543caf54",
      "IDENTIFICADOR_FK_ID_VISITA": "43376c72-7cd1-0b0e-d19c-0e87fd53dafd",
      "ID_OS": 186160,
      "DT_DATA_ABERTURA": "2020-01-13T21:34:25.423",
      "ST_TP_STATUS_VISITA_OS": 4,
      "CD_ATIVO_FIXO": "C00198",
      "CD_TECNICO": "347803",
      "ID_VISITA": 92691,
      "TP_MANUTENCAO": "I",
      "DS_OBSERVACAO": "",
      "nidUsuarioAtualizacao": 8.0,
      "dtmDataHoraAtualizacao": "2020-01-13T21:29:50.183"
    },
    {
      "IDENTIFICADOR_PK_ID_OS": "51a45321-8938-e11a-fcb3-72c3d71409e3",
      "IDENTIFICADOR_FK_CD_ATIVO_FIXO": "30d5f6b4-9a06-d0ef-a91c-463308f6c390",
      "IDENTIFICADOR_FK_CD_TECNICO": "91cabbb9-c7a1-5f4f-5185-48bb543caf54",
      "IDENTIFICADOR_FK_ID_VISITA": "43376c72-7cd1-0b0e-d19c-0e87fd53dafd",
      "ID_OS": 186161,
      "DT_DATA_ABERTURA": "2020-01-13T21:42:59.027",
      "ST_TP_STATUS_VISITA_OS": 4,
      "CD_ATIVO_FIXO": "E05089",
      "CD_TECNICO": "347803",
      "ID_VISITA": 92691,
      "TP_MANUTENCAO": "P",
      "DS_OBSERVACAO": "",
      "nidUsuarioAtualizacao": 8.0,
      "dtmDataHoraAtualizacao": "2020-01-13T21:36:52.993"
    },
    {
      "IDENTIFICADOR_PK_ID_OS": "5281b5a5-60c0-698a-c608-af8061a2673c",
      "IDENTIFICADOR_FK_CD_ATIVO_FIXO": null,
      "IDENTIFICADOR_FK_CD_TECNICO": "91cabbb9-c7a1-5f4f-5185-48bb543caf54",
      "IDENTIFICADOR_FK_ID_VISITA": "dd75f212-8383-a2f5-0d1a-66855c295062",
      "ID_OS": 186164,
      "DT_DATA_ABERTURA": "2020-01-13T22:32:15.25",
      "ST_TP_STATUS_VISITA_OS": 1,
      "CD_ATIVO_FIXO": "",
      "CD_TECNICO": "347803",
      "ID_VISITA": 92695,
      "TP_MANUTENCAO": "P",
      "DS_OBSERVACAO": "",
      "nidUsuarioAtualizacao": 8.0,
      "dtmDataHoraAtualizacao": "2020-01-13T22:32:15.69"
    },
    {
      "IDENTIFICADOR_PK_ID_OS": "8d0f42a3-7d58-47f7-a322-d11d4c0a9131",
      "IDENTIFICADOR_FK_CD_ATIVO_FIXO": "d3880417-f20d-93e8-82e1-c40a6c302008",
      "IDENTIFICADOR_FK_CD_TECNICO": "91cabbb9-c7a1-5f4f-5185-48bb543caf54",
      "IDENTIFICADOR_FK_ID_VISITA": "d4ed18a6-92a5-0476-448c-dc70d4c16172",
      "ID_OS": null,
      "DT_DATA_ABERTURA": "2020-02-03T14:49:47.659907",
      "ST_TP_STATUS_VISITA_OS": 2,
      "CD_ATIVO_FIXO": "E05984",
      "CD_TECNICO": "347803",
      "ID_VISITA": 92696,
      "TP_MANUTENCAO": "P",
      "DS_OBSERVACAO": null,
      "nidUsuarioAtualizacao": 8.0,
      "dtmDataHoraAtualizacao": "2020-02-03T14:50:11.419925"
    }
  ],
  "LOG_STATUS_VISITA": [
    {
      "IDENTIFICADOR_PK_ID_LOG_STATUS_VISITA": "661b4ced-14c7-047f-2c4c-d33dbede174c",
      "IDENTIFICADOR_FK_ID_VISITA": "70040c06-1c92-1a7a-c5b0-1a37be667dfe",
      "ID_LOG_STATUS_VISITA": 16147,
      "ID_VISITA": 92689,
      "DT_DATA_LOG_VISITA": "2020-01-17T11:55:06.427",
      "ST_TP_STATUS_VISITA_OS": 1,
      "nidUsuarioAtualizacao": 1.0,
      "dtmDataHoraAtualizacao": "2020-01-17T11:55:06.433"
    },
    {
      "IDENTIFICADOR_PK_ID_LOG_STATUS_VISITA": "5583eff4-dbf2-2248-22fe-8d3a030e2279",
      "IDENTIFICADOR_FK_ID_VISITA": "70040c06-1c92-1a7a-c5b0-1a37be667dfe",
      "ID_LOG_STATUS_VISITA": 16148,
      "ID_VISITA": 92689,
      "DT_DATA_LOG_VISITA": "2020-01-16T09:57:58",
      "ST_TP_STATUS_VISITA_OS": 2,
      "nidUsuarioAtualizacao": 1.0,
      "dtmDataHoraAtualizacao": "2020-01-17T12:00:35.333"
    },
    {
      "IDENTIFICADOR_PK_ID_LOG_STATUS_VISITA": "5f4a8cf6-afbc-660c-59ce-30405508c39d",
      "IDENTIFICADOR_FK_ID_VISITA": "70040c06-1c92-1a7a-c5b0-1a37be667dfe",
      "ID_LOG_STATUS_VISITA": 16149,
      "ID_VISITA": 92689,
      "DT_DATA_LOG_VISITA": "2020-01-20T11:25:32.813",
      "ST_TP_STATUS_VISITA_OS": 3,
      "nidUsuarioAtualizacao": 1.0,
      "dtmDataHoraAtualizacao": "2020-01-20T11:25:36.647"
    },
    {
      "IDENTIFICADOR_PK_ID_LOG_STATUS_VISITA": "b139ab63-4943-833b-2ee4-e0a5746306ce",
      "IDENTIFICADOR_FK_ID_VISITA": "5238e772-6006-886f-e036-8a772e7b0f13",
      "ID_LOG_STATUS_VISITA": 16150,
      "ID_VISITA": 92690,
      "DT_DATA_LOG_VISITA": "2020-01-20T09:41:17",
      "ST_TP_STATUS_VISITA_OS": 1,
      "nidUsuarioAtualizacao": 1.0,
      "dtmDataHoraAtualizacao": "2020-01-20T14:58:55.543"
    },
    {
      "IDENTIFICADOR_PK_ID_LOG_STATUS_VISITA": "606f22f5-a9e0-9bba-12bc-ff7ac7f65b91",
      "IDENTIFICADOR_FK_ID_VISITA": "5238e772-6006-886f-e036-8a772e7b0f13",
      "ID_LOG_STATUS_VISITA": 16151,
      "ID_VISITA": 92690,
      "DT_DATA_LOG_VISITA": "2020-01-20T10:46:54",
      "ST_TP_STATUS_VISITA_OS": 2,
      "nidUsuarioAtualizacao": 1.0,
      "dtmDataHoraAtualizacao": "2020-01-20T14:58:44.697"
    },
    {
      "IDENTIFICADOR_PK_ID_LOG_STATUS_VISITA": "bf36d812-8364-989f-7338-414ccbec657f",
      "IDENTIFICADOR_FK_ID_VISITA": "5238e772-6006-886f-e036-8a772e7b0f13",
      "ID_LOG_STATUS_VISITA": 16152,
      "ID_VISITA": 92690,
      "DT_DATA_LOG_VISITA": "2020-01-20T12:58:01",
      "ST_TP_STATUS_VISITA_OS": 3,
      "nidUsuarioAtualizacao": 1.0,
      "dtmDataHoraAtualizacao": "2020-01-20T14:59:10.957"
    },
    {
      "IDENTIFICADOR_PK_ID_LOG_STATUS_VISITA": "58c0d3b6-848a-409c-ba45-345f27f113b6",
      "IDENTIFICADOR_FK_ID_VISITA": "43376c72-7cd1-0b0e-d19c-0e87fd53dafd",
      "ID_LOG_STATUS_VISITA": 16153,
      "ID_VISITA": 92691,
      "DT_DATA_LOG_VISITA": "2020-01-20T15:28:21.857",
      "ST_TP_STATUS_VISITA_OS": 1,
      "nidUsuarioAtualizacao": 1.0,
      "dtmDataHoraAtualizacao": "2020-01-20T15:28:22.31"
    },
    {
      "IDENTIFICADOR_PK_ID_LOG_STATUS_VISITA": "4970a819-10ef-a14b-0d1a-7aa3d70ad59a",
      "IDENTIFICADOR_FK_ID_VISITA": "43376c72-7cd1-0b0e-d19c-0e87fd53dafd",
      "ID_LOG_STATUS_VISITA": 16154,
      "ID_VISITA": 92691,
      "DT_DATA_LOG_VISITA": "2020-01-20T15:29:26.167",
      "ST_TP_STATUS_VISITA_OS": 2,
      "nidUsuarioAtualizacao": 1.0,
      "dtmDataHoraAtualizacao": "2020-01-20T15:29:27.01"
    },
    {
      "IDENTIFICADOR_PK_ID_LOG_STATUS_VISITA": "4742e538-c8e7-c98c-f6eb-8e59779bddcd",
      "IDENTIFICADOR_FK_ID_VISITA": "43376c72-7cd1-0b0e-d19c-0e87fd53dafd",
      "ID_LOG_STATUS_VISITA": 16155,
      "ID_VISITA": 92691,
      "DT_DATA_LOG_VISITA": "2020-01-20T15:29:31.397",
      "ST_TP_STATUS_VISITA_OS": 6,
      "nidUsuarioAtualizacao": 1.0,
      "dtmDataHoraAtualizacao": "2020-01-20T15:39:04.463"
    },
    {
      "IDENTIFICADOR_PK_ID_LOG_STATUS_VISITA": "7fe20dfb-3146-cae4-a306-1839dcebeadb",
      "IDENTIFICADOR_FK_ID_VISITA": "43376c72-7cd1-0b0e-d19c-0e87fd53dafd",
      "ID_LOG_STATUS_VISITA": 16156,
      "ID_VISITA": 92691,
      "DT_DATA_LOG_VISITA": "2020-01-20T15:29:31.397",
      "ST_TP_STATUS_VISITA_OS": 2,
      "nidUsuarioAtualizacao": 1.0,
      "dtmDataHoraAtualizacao": "2020-01-20T15:39:13.513"
    },
    {
      "IDENTIFICADOR_PK_ID_LOG_STATUS_VISITA": "eb51acc6-00f5-f0f3-9ad1-1db31d7d18ce",
      "IDENTIFICADOR_FK_ID_VISITA": "43376c72-7cd1-0b0e-d19c-0e87fd53dafd",
      "ID_LOG_STATUS_VISITA": 16157,
      "ID_VISITA": 92691,
      "DT_DATA_LOG_VISITA": "2020-01-20T15:46:10.383",
      "ST_TP_STATUS_VISITA_OS": 5,
      "nidUsuarioAtualizacao": 1.0,
      "dtmDataHoraAtualizacao": "2020-01-20T15:46:11.203"
    },
    {
      "IDENTIFICADOR_PK_ID_LOG_STATUS_VISITA": "65c3a83e-0ed3-85a0-436a-c4011b6a86e5",
      "IDENTIFICADOR_FK_ID_VISITA": "43376c72-7cd1-0b0e-d19c-0e87fd53dafd",
      "ID_LOG_STATUS_VISITA": 16158,
      "ID_VISITA": 92691,
      "DT_DATA_LOG_VISITA": "2020-01-20T15:46:15.073",
      "ST_TP_STATUS_VISITA_OS": 2,
      "nidUsuarioAtualizacao": 1.0,
      "dtmDataHoraAtualizacao": "2020-01-20T15:46:15.9"
    },
    {
      "IDENTIFICADOR_PK_ID_LOG_STATUS_VISITA": "ad7f6f11-cd0f-3f53-8626-92fddb0f0d3a",
      "IDENTIFICADOR_FK_ID_VISITA": "43376c72-7cd1-0b0e-d19c-0e87fd53dafd",
      "ID_LOG_STATUS_VISITA": 16159,
      "ID_VISITA": 92691,
      "DT_DATA_LOG_VISITA": "2020-01-20T15:46:21.027",
      "ST_TP_STATUS_VISITA_OS": 6,
      "nidUsuarioAtualizacao": 1.0,
      "dtmDataHoraAtualizacao": "2020-01-20T15:46:21.853"
    },
    {
      "IDENTIFICADOR_PK_ID_LOG_STATUS_VISITA": "d89f52db-8470-6eec-5e9c-6ccb9a9032be",
      "IDENTIFICADOR_FK_ID_VISITA": "43376c72-7cd1-0b0e-d19c-0e87fd53dafd",
      "ID_LOG_STATUS_VISITA": 16160,
      "ID_VISITA": 92691,
      "DT_DATA_LOG_VISITA": "2020-01-20T15:46:27.21",
      "ST_TP_STATUS_VISITA_OS": 2,
      "nidUsuarioAtualizacao": 1.0,
      "dtmDataHoraAtualizacao": "2020-01-20T15:46:28.03"
    },
    {
      "IDENTIFICADOR_PK_ID_LOG_STATUS_VISITA": "9679dc85-92f0-add5-5a65-2fac6079bd57",
      "IDENTIFICADOR_FK_ID_VISITA": "43376c72-7cd1-0b0e-d19c-0e87fd53dafd",
      "ID_LOG_STATUS_VISITA": 16161,
      "ID_VISITA": 92691,
      "DT_DATA_LOG_VISITA": "2020-01-20T15:46:35.36",
      "ST_TP_STATUS_VISITA_OS": 3,
      "nidUsuarioAtualizacao": 1.0,
      "dtmDataHoraAtualizacao": "2020-01-20T15:46:37.933"
    },
    {
      "IDENTIFICADOR_PK_ID_LOG_STATUS_VISITA": "34910095-8c49-50f8-1942-c4970b0110ac",
      "IDENTIFICADOR_FK_ID_VISITA": "807de6d7-598f-611f-eb49-76d6a8c97640",
      "ID_LOG_STATUS_VISITA": 16162,
      "ID_VISITA": 92692,
      "DT_DATA_LOG_VISITA": "2020-01-20T15:53:22.543",
      "ST_TP_STATUS_VISITA_OS": 1,
      "nidUsuarioAtualizacao": 1.0,
      "dtmDataHoraAtualizacao": "2020-01-20T15:53:22.977"
    },
    {
      "IDENTIFICADOR_PK_ID_LOG_STATUS_VISITA": "d90bbfb6-e378-e178-d209-0c9b74859d43",
      "IDENTIFICADOR_FK_ID_VISITA": "dd75f212-8383-a2f5-0d1a-66855c295062",
      "ID_LOG_STATUS_VISITA": 16173,
      "ID_VISITA": 92695,
      "DT_DATA_LOG_VISITA": "2020-01-20T16:31:23.847",
      "ST_TP_STATUS_VISITA_OS": 1,
      "nidUsuarioAtualizacao": 1.0,
      "dtmDataHoraAtualizacao": "2020-01-20T16:31:24.32"
    },
    {
      "IDENTIFICADOR_PK_ID_LOG_STATUS_VISITA": "a2e31b6d-e8fe-1202-97ab-de7f310a2fab",
      "IDENTIFICADOR_FK_ID_VISITA": "dd75f212-8383-a2f5-0d1a-66855c295062",
      "ID_LOG_STATUS_VISITA": 16174,
      "ID_VISITA": 92695,
      "DT_DATA_LOG_VISITA": "2020-01-20T16:31:48.877",
      "ST_TP_STATUS_VISITA_OS": 2,
      "nidUsuarioAtualizacao": 1.0,
      "dtmDataHoraAtualizacao": "2020-01-20T16:31:49.73"
    },
    {
      "IDENTIFICADOR_PK_ID_LOG_STATUS_VISITA": "afdcf954-b9fe-405f-2aa2-ac051b02c24b",
      "IDENTIFICADOR_FK_ID_VISITA": "dd75f212-8383-a2f5-0d1a-66855c295062",
      "ID_LOG_STATUS_VISITA": 16176,
      "ID_VISITA": 92695,
      "DT_DATA_LOG_VISITA": "2020-01-27T11:43:18.68",
      "ST_TP_STATUS_VISITA_OS": 5,
      "nidUsuarioAtualizacao": 8.0,
      "dtmDataHoraAtualizacao": "2020-01-27T11:43:18.68"
    },
    {
      "IDENTIFICADOR_PK_ID_LOG_STATUS_VISITA": "dfde7320-8015-8259-4d4f-033af2f99c55",
      "IDENTIFICADOR_FK_ID_VISITA": "dd75f212-8383-a2f5-0d1a-66855c295062",
      "ID_LOG_STATUS_VISITA": 16177,
      "ID_VISITA": 92695,
      "DT_DATA_LOG_VISITA": "2020-01-27T12:01:35.77",
      "ST_TP_STATUS_VISITA_OS": 2,
      "nidUsuarioAtualizacao": 8.0,
      "dtmDataHoraAtualizacao": "2020-01-27T12:01:35.77"
    },
    {
      "IDENTIFICADOR_PK_ID_LOG_STATUS_VISITA": "00fa1c56-e049-67c7-48ea-d20ce9e837c5",
      "IDENTIFICADOR_FK_ID_VISITA": "dd75f212-8383-a2f5-0d1a-66855c295062",
      "ID_LOG_STATUS_VISITA": 16178,
      "ID_VISITA": 92695,
      "DT_DATA_LOG_VISITA": "2020-01-27T12:02:48.823",
      "ST_TP_STATUS_VISITA_OS": 5,
      "nidUsuarioAtualizacao": 8.0,
      "dtmDataHoraAtualizacao": "2020-01-27T12:02:48.823"
    },
    {
      "IDENTIFICADOR_PK_ID_LOG_STATUS_VISITA": "5f15e868-6fb9-fcb9-5fe5-c80273981a4c",
      "IDENTIFICADOR_FK_ID_VISITA": "dd75f212-8383-a2f5-0d1a-66855c295062",
      "ID_LOG_STATUS_VISITA": 16179,
      "ID_VISITA": 92695,
      "DT_DATA_LOG_VISITA": "2020-01-27T12:02:48.823",
      "ST_TP_STATUS_VISITA_OS": 5,
      "nidUsuarioAtualizacao": 8.0,
      "dtmDataHoraAtualizacao": "2020-01-27T12:02:48.823"
    },
    {
      "IDENTIFICADOR_PK_ID_LOG_STATUS_VISITA": "8e4e92e1-30b7-0374-8bbe-a5e2a0bffa40",
      "IDENTIFICADOR_FK_ID_VISITA": "dd75f212-8383-a2f5-0d1a-66855c295062",
      "ID_LOG_STATUS_VISITA": 16180,
      "ID_VISITA": 92695,
      "DT_DATA_LOG_VISITA": "2020-01-27T12:06:42.977",
      "ST_TP_STATUS_VISITA_OS": 2,
      "nidUsuarioAtualizacao": 8.0,
      "dtmDataHoraAtualizacao": "2020-01-27T12:06:42.977"
    },
    {
      "IDENTIFICADOR_PK_ID_LOG_STATUS_VISITA": "e4bc3d94-9c7b-4b6e-765c-675eceb16d78",
      "IDENTIFICADOR_FK_ID_VISITA": "dd75f212-8383-a2f5-0d1a-66855c295062",
      "ID_LOG_STATUS_VISITA": 16181,
      "ID_VISITA": 92695,
      "DT_DATA_LOG_VISITA": "2020-01-27T12:07:50.61",
      "ST_TP_STATUS_VISITA_OS": 6,
      "nidUsuarioAtualizacao": 8.0,
      "dtmDataHoraAtualizacao": "2020-01-27T12:07:50.61"
    },
    {
      "IDENTIFICADOR_PK_ID_LOG_STATUS_VISITA": "6f509421-efc6-207a-48f0-3a0f4ee7c641",
      "IDENTIFICADOR_FK_ID_VISITA": "d4ed18a6-92a5-0476-448c-dc70d4c16172",
      "ID_LOG_STATUS_VISITA": 16182,
      "ID_VISITA": 92696,
      "DT_DATA_LOG_VISITA": "2020-01-27T12:07:57.993",
      "ST_TP_STATUS_VISITA_OS": 1,
      "nidUsuarioAtualizacao": 8.0,
      "dtmDataHoraAtualizacao": "2020-01-27T12:07:57.993"
    },
    {
      "IDENTIFICADOR_PK_ID_LOG_STATUS_VISITA": "d0ac591e-ce3a-1c34-d305-84ae1cfd98d8",
      "IDENTIFICADOR_FK_ID_VISITA": "d4ed18a6-92a5-0476-448c-dc70d4c16172",
      "ID_LOG_STATUS_VISITA": 16183,
      "ID_VISITA": 92696,
      "DT_DATA_LOG_VISITA": "2020-01-27T12:08:01.91",
      "ST_TP_STATUS_VISITA_OS": 2,
      "nidUsuarioAtualizacao": 8.0,
      "dtmDataHoraAtualizacao": "2020-01-27T12:08:01.91"
    },
    {
      "IDENTIFICADOR_PK_ID_LOG_STATUS_VISITA": "d382fd33-d7d8-c775-2410-91acfe33ab58",
      "IDENTIFICADOR_FK_ID_VISITA": "dd75f212-8383-a2f5-0d1a-66855c295062",
      "ID_LOG_STATUS_VISITA": 16184,
      "ID_VISITA": 92695,
      "DT_DATA_LOG_VISITA": "2020-01-27T12:09:00.233",
      "ST_TP_STATUS_VISITA_OS": 3,
      "nidUsuarioAtualizacao": 8.0,
      "dtmDataHoraAtualizacao": "2020-01-27T12:09:00.233"
    },
    {
      "IDENTIFICADOR_PK_ID_LOG_STATUS_VISITA": "60733319-2457-9826-a51c-04e3a09f1e5f",
      "IDENTIFICADOR_FK_ID_VISITA": "d4ed18a6-92a5-0476-448c-dc70d4c16172",
      "ID_LOG_STATUS_VISITA": 16185,
      "ID_VISITA": 92696,
      "DT_DATA_LOG_VISITA": "2020-01-27T12:09:08.66",
      "ST_TP_STATUS_VISITA_OS": 5,
      "nidUsuarioAtualizacao": 8.0,
      "dtmDataHoraAtualizacao": "2020-01-27T12:09:08.66"
    },
    {
      "IDENTIFICADOR_PK_ID_LOG_STATUS_VISITA": "464b4d89-b765-cc98-65d6-7cd6a32706aa",
      "IDENTIFICADOR_FK_ID_VISITA": "d4ed18a6-92a5-0476-448c-dc70d4c16172",
      "ID_LOG_STATUS_VISITA": 16186,
      "ID_VISITA": 92696,
      "DT_DATA_LOG_VISITA": "2020-01-28T13:18:38.773",
      "ST_TP_STATUS_VISITA_OS": 2,
      "nidUsuarioAtualizacao": 8.0,
      "dtmDataHoraAtualizacao": "2020-01-28T13:18:38.773"
    },
    {
      "IDENTIFICADOR_PK_ID_LOG_STATUS_VISITA": "4aa5cd3b-a7a2-a83b-162f-d2739d5e4ecb",
      "IDENTIFICADOR_FK_ID_VISITA": "d4ed18a6-92a5-0476-448c-dc70d4c16172",
      "ID_LOG_STATUS_VISITA": 16187,
      "ID_VISITA": 92696,
      "DT_DATA_LOG_VISITA": "2020-02-03T08:44:02.757",
      "ST_TP_STATUS_VISITA_OS": 5,
      "nidUsuarioAtualizacao": 8.0,
      "dtmDataHoraAtualizacao": "2020-02-03T08:44:02.757"
    },
    {
      "IDENTIFICADOR_PK_ID_LOG_STATUS_VISITA": "d7275584-6d95-4dc5-b5c7-39f7c6ac4e47",
      "IDENTIFICADOR_FK_ID_VISITA": "d4ed18a6-92a5-0476-448c-dc70d4c16172",
      "ID_LOG_STATUS_VISITA": null,
      "ID_VISITA": 92696,
      "DT_DATA_LOG_VISITA": "2020-02-03T14:49:43.163321",
      "ST_TP_STATUS_VISITA_OS": 2,
      "nidUsuarioAtualizacao": 8.0,
      "dtmDataHoraAtualizacao": "2020-02-03T14:49:43.163367"
    }
  ],
  "PECA_OS": [
    {
      "IDENTIFICADOR_PK_ID_PECA_OS": "4739aff4-0e55-4fe9-9361-6126bc71ac9d",
      "IDENTIFICADOR_FK_ID_OS": "8d0f42a3-7d58-47f7-a322-d11d4c0a9131",
      "IDENTIFICADOR_FK_CD_PECA": "f069ae01-c1a5-464e-d3b1-e6721aac4041",
      "ID_PECA_OS": null,
      "ID_OS": null,
      "CD_PECA": "11000747151",
      "QT_PECA": 11.0,
      "CD_TP_ESTOQUE_CLI_TEC": "T",
      "nidUsuarioAtualizacao": 8.0,
      "dtmDataHoraAtualizacao": "2020-02-03T14:50:31.726707"
    },
    {
      "IDENTIFICADOR_PK_ID_PECA_OS": "6adeffb9-af02-4994-bc75-3ef56ed0f9ac",
      "IDENTIFICADOR_FK_ID_OS": "8d0f42a3-7d58-47f7-a322-d11d4c0a9131",
      "IDENTIFICADOR_FK_CD_PECA": "9a5203ef-25cd-dae3-f850-94814631e02d",
      "ID_PECA_OS": null,
      "ID_OS": null,
      "CD_PECA": "11000755212",
      "QT_PECA": 22.0,
      "CD_TP_ESTOQUE_CLI_TEC": "C",
      "nidUsuarioAtualizacao": 8.0,
      "dtmDataHoraAtualizacao": "2020-02-03T14:53:50.783499"
    }
  ],
  "PENDENCIA_OS": [],
  "LOG_STATUS_OS": [
    {
      "IDENTIFICADOR_PK_ID_LOG_STATUS_OS": "0a5ebfbc-8ee4-e5f7-4398-63381d1a69bf",
      "IDENTIFICADOR_FK_ID_OS": "1c33f76c-c44b-5c2e-ac72-f42d88ac6fe7",
      "ID_LOG_STATUS_OS": 14365,
      "ID_OS": 186156,
      "DT_DATA_LOG_OS": "2020-01-16T11:50:04",
      "ST_TP_STATUS_VISITA_OS": 1,
      "nidUsuarioAtualizacao": 1.0,
      "dtmDataHoraAtualizacao": "2020-01-17T12:03:18.363"
    },
    {
      "IDENTIFICADOR_PK_ID_LOG_STATUS_OS": "64d910c3-6051-5cce-c084-d231d24d20e5",
      "IDENTIFICADOR_FK_ID_OS": "1c33f76c-c44b-5c2e-ac72-f42d88ac6fe7",
      "ID_LOG_STATUS_OS": 14366,
      "ID_OS": 186156,
      "DT_DATA_LOG_OS": "2020-01-16T12:00:26",
      "ST_TP_STATUS_VISITA_OS": 2,
      "nidUsuarioAtualizacao": 1.0,
      "dtmDataHoraAtualizacao": "2020-01-17T12:02:57.57"
    },
    {
      "IDENTIFICADOR_PK_ID_LOG_STATUS_OS": "05f47280-1d47-5d08-0f9f-ec9e49f6790c",
      "IDENTIFICADOR_FK_ID_OS": "1c33f76c-c44b-5c2e-ac72-f42d88ac6fe7",
      "ID_LOG_STATUS_OS": 14367,
      "ID_OS": 186156,
      "DT_DATA_LOG_OS": "2026-01-16T12:05:54",
      "ST_TP_STATUS_VISITA_OS": 4,
      "nidUsuarioAtualizacao": 1.0,
      "dtmDataHoraAtualizacao": "2020-01-17T12:02:47.61"
    },
    {
      "IDENTIFICADOR_PK_ID_LOG_STATUS_OS": "b1c39784-34d0-7ace-af05-9804b5c88db6",
      "IDENTIFICADOR_FK_ID_OS": "6d29bf5c-87be-9cf8-a141-73d1737d8c5f",
      "ID_LOG_STATUS_OS": 14370,
      "ID_OS": 186159,
      "DT_DATA_LOG_OS": "2020-01-20T10:55:22",
      "ST_TP_STATUS_VISITA_OS": 1,
      "nidUsuarioAtualizacao": 1.0,
      "dtmDataHoraAtualizacao": "2020-01-20T14:59:49.887"
    },
    {
      "IDENTIFICADOR_PK_ID_LOG_STATUS_OS": "0a0c6b30-9795-1726-1460-49ce1a9a1613",
      "IDENTIFICADOR_FK_ID_OS": "6d29bf5c-87be-9cf8-a141-73d1737d8c5f",
      "ID_LOG_STATUS_OS": 14371,
      "ID_OS": 186159,
      "DT_DATA_LOG_OS": "2020-01-20T11:56:38",
      "ST_TP_STATUS_VISITA_OS": 2,
      "nidUsuarioAtualizacao": 1.0,
      "dtmDataHoraAtualizacao": "2020-01-20T14:59:58.45"
    },
    {
      "IDENTIFICADOR_PK_ID_LOG_STATUS_OS": "d1933a5b-a603-4563-e5d4-04c61c5b5081",
      "IDENTIFICADOR_FK_ID_OS": "6d29bf5c-87be-9cf8-a141-73d1737d8c5f",
      "ID_LOG_STATUS_OS": 14372,
      "ID_OS": 186159,
      "DT_DATA_LOG_OS": "2020-01-20T12:56:58",
      "ST_TP_STATUS_VISITA_OS": 4,
      "nidUsuarioAtualizacao": 1.0,
      "dtmDataHoraAtualizacao": "2020-01-20T15:00:05.283"
    },
    {
      "IDENTIFICADOR_PK_ID_LOG_STATUS_OS": "98c5a27f-34be-ba98-ead8-d1d2c4485ab9",
      "IDENTIFICADOR_FK_ID_OS": "3ce593af-d686-1e59-6fd5-12c56558ec1b",
      "ID_LOG_STATUS_OS": 14373,
      "ID_OS": 186160,
      "DT_DATA_LOG_OS": "2020-01-20T15:29:49.75",
      "ST_TP_STATUS_VISITA_OS": 1,
      "nidUsuarioAtualizacao": 1.0,
      "dtmDataHoraAtualizacao": "2020-01-20T15:29:50.187"
    },
    {
      "IDENTIFICADOR_PK_ID_LOG_STATUS_OS": "8a4dfb36-7e9e-091c-53cd-80bbac2e50f0",
      "IDENTIFICADOR_FK_ID_OS": "3ce593af-d686-1e59-6fd5-12c56558ec1b",
      "ID_LOG_STATUS_OS": 14374,
      "ID_OS": 186160,
      "DT_DATA_LOG_OS": "2020-01-20T15:33:33.927",
      "ST_TP_STATUS_VISITA_OS": 2,
      "nidUsuarioAtualizacao": 1.0,
      "dtmDataHoraAtualizacao": "2020-01-20T15:33:34.953"
    },
    {
      "IDENTIFICADOR_PK_ID_LOG_STATUS_OS": "50405ca9-265b-45d1-72fa-13eb4f2e7fe0",
      "IDENTIFICADOR_FK_ID_OS": "3ce593af-d686-1e59-6fd5-12c56558ec1b",
      "ID_LOG_STATUS_OS": 14375,
      "ID_OS": 186160,
      "DT_DATA_LOG_OS": "2020-01-20T15:33:47.013",
      "ST_TP_STATUS_VISITA_OS": 3,
      "nidUsuarioAtualizacao": 1.0,
      "dtmDataHoraAtualizacao": "2020-01-20T15:33:48.24"
    },
    {
      "IDENTIFICADOR_PK_ID_LOG_STATUS_OS": "710c1a76-8441-b2ca-456d-17bdfbb8d550",
      "IDENTIFICADOR_FK_ID_OS": "3ce593af-d686-1e59-6fd5-12c56558ec1b",
      "ID_LOG_STATUS_OS": 14376,
      "ID_OS": 186160,
      "DT_DATA_LOG_OS": "2020-01-20T15:33:52.867",
      "ST_TP_STATUS_VISITA_OS": 2,
      "nidUsuarioAtualizacao": 1.0,
      "dtmDataHoraAtualizacao": "2020-01-20T15:33:53.89"
    },
    {
      "IDENTIFICADOR_PK_ID_LOG_STATUS_OS": "df3c1097-277b-0473-a7ce-ebd83c64fba1",
      "IDENTIFICADOR_FK_ID_OS": "3ce593af-d686-1e59-6fd5-12c56558ec1b",
      "ID_LOG_STATUS_OS": 14377,
      "ID_OS": 186160,
      "DT_DATA_LOG_OS": "2020-01-20T15:33:59.163",
      "ST_TP_STATUS_VISITA_OS": 4,
      "nidUsuarioAtualizacao": 1.0,
      "dtmDataHoraAtualizacao": "2020-01-20T15:34:00.387"
    },
    {
      "IDENTIFICADOR_PK_ID_LOG_STATUS_OS": "29d65d73-69ab-3a6e-1bfc-c0fe0d687bb1",
      "IDENTIFICADOR_FK_ID_OS": "51a45321-8938-e11a-fcb3-72c3d71409e3",
      "ID_LOG_STATUS_OS": 14378,
      "ID_OS": 186161,
      "DT_DATA_LOG_OS": "2020-01-20T15:36:52.553",
      "ST_TP_STATUS_VISITA_OS": 1,
      "nidUsuarioAtualizacao": 1.0,
      "dtmDataHoraAtualizacao": "2020-01-20T15:36:52.997"
    },
    {
      "IDENTIFICADOR_PK_ID_LOG_STATUS_OS": "bac47b6f-29eb-1657-fa1d-bbf64887fcff",
      "IDENTIFICADOR_FK_ID_OS": "51a45321-8938-e11a-fcb3-72c3d71409e3",
      "ID_LOG_STATUS_OS": 14379,
      "ID_OS": 186161,
      "DT_DATA_LOG_OS": "2020-01-20T15:38:14.867",
      "ST_TP_STATUS_VISITA_OS": 2,
      "nidUsuarioAtualizacao": 1.0,
      "dtmDataHoraAtualizacao": "2020-01-20T15:38:15.893"
    },
    {
      "IDENTIFICADOR_PK_ID_LOG_STATUS_OS": "0f934b9a-367a-3c15-a68f-df211c8836a7",
      "IDENTIFICADOR_FK_ID_OS": "51a45321-8938-e11a-fcb3-72c3d71409e3",
      "ID_LOG_STATUS_OS": 14380,
      "ID_OS": 186161,
      "DT_DATA_LOG_OS": "2020-01-20T15:38:55.747",
      "ST_TP_STATUS_VISITA_OS": 5,
      "nidUsuarioAtualizacao": 1.0,
      "dtmDataHoraAtualizacao": "2020-01-20T15:38:56.967"
    },
    {
      "IDENTIFICADOR_PK_ID_LOG_STATUS_OS": "44ba5f23-2be3-dda4-3a3f-72db1a8a6846",
      "IDENTIFICADOR_FK_ID_OS": "51a45321-8938-e11a-fcb3-72c3d71409e3",
      "ID_LOG_STATUS_OS": 14381,
      "ID_OS": 186161,
      "DT_DATA_LOG_OS": "2020-01-20T15:39:03.467",
      "ST_TP_STATUS_VISITA_OS": 2,
      "nidUsuarioAtualizacao": 1.0,
      "dtmDataHoraAtualizacao": "2020-01-20T15:39:04.607"
    },
    {
      "IDENTIFICADOR_PK_ID_LOG_STATUS_OS": "8ba8c460-61ac-d425-90af-523a8c94e5e1",
      "IDENTIFICADOR_FK_ID_OS": "51a45321-8938-e11a-fcb3-72c3d71409e3",
      "ID_LOG_STATUS_OS": 14382,
      "ID_OS": 186161,
      "DT_DATA_LOG_OS": "2020-01-20T15:39:12.3",
      "ST_TP_STATUS_VISITA_OS": 4,
      "nidUsuarioAtualizacao": 1.0,
      "dtmDataHoraAtualizacao": "2020-01-20T15:39:13.657"
    },
    {
      "IDENTIFICADOR_PK_ID_LOG_STATUS_OS": "4c85ae5d-1dd1-7111-5c91-b6ce80f46b7c",
      "IDENTIFICADOR_FK_ID_OS": "5281b5a5-60c0-698a-c608-af8061a2673c",
      "ID_LOG_STATUS_OS": 14389,
      "ID_OS": 186164,
      "DT_DATA_LOG_OS": "2020-01-20T16:32:15.25",
      "ST_TP_STATUS_VISITA_OS": 1,
      "nidUsuarioAtualizacao": 1.0,
      "dtmDataHoraAtualizacao": "2020-01-20T16:32:15.693"
    },
    {
      "IDENTIFICADOR_PK_ID_LOG_STATUS_OS": "74fe452c-1b76-4117-9deb-cfeeafb2a6c0",
      "IDENTIFICADOR_FK_ID_OS": "8d0f42a3-7d58-47f7-a322-d11d4c0a9131",
      "ID_LOG_STATUS_OS": null,
      "ID_OS": null,
      "DT_DATA_LOG_OS": "2020-02-03T14:50:11.509578",
      "ST_TP_STATUS_VISITA_OS": 2,
      "nidUsuarioAtualizacao": 8.0,
      "dtmDataHoraAtualizacao": "2020-02-03T14:50:11.50968"
    }
  ],
  "USUARIO": [
    {
      "IDENTIFICADOR_PK_nidUsuario": "95f8f0c9-98fb-91ab-59f5-1fd0297e236d",
      "nidUsuario": 8.0,
      "cnmNome": "DENILSON GAVAZONI",
      "cdsLogin": "DENILSON.GAVAZONI",
      "cdsEmail": "ddgavazoni@outlook.com.old",
      "cdsSenha": "3mcomodato",
      "bidAtivo": true,
      "ccdChaveAcessoTrocarSenha": null,
      "dtmDataHoraTrocaLoginExterno": null,
      "nidUsuarioAtualizacao": 0.0,
      "dtmDataHoraAtualizacao": "0001-01-01T00:00:00",
      "cd_empresa": 0.0
    }
  ],
  "RR": [],
  "RRCOMMENT": null
}